-- --------------------------------------------------------
-- Host:                         127.0.0.1
-- Server version:               8.0.30 - MySQL Community Server - GPL
-- Server OS:                    Win64
-- HeidiSQL Version:             12.1.0.6537
-- --------------------------------------------------------

/*!40101 SET @OLD_CHARACTER_SET_CLIENT=@@CHARACTER_SET_CLIENT */;
/*!40101 SET NAMES utf8 */;
/*!50503 SET NAMES utf8mb4 */;
/*!40103 SET @OLD_TIME_ZONE=@@TIME_ZONE */;
/*!40103 SET TIME_ZONE='+00:00' */;
/*!40014 SET @OLD_FOREIGN_KEY_CHECKS=@@FOREIGN_KEY_CHECKS, FOREIGN_KEY_CHECKS=0 */;
/*!40101 SET @OLD_SQL_MODE=@@SQL_MODE, SQL_MODE='NO_AUTO_VALUE_ON_ZERO' */;
/*!40111 SET @OLD_SQL_NOTES=@@SQL_NOTES, SQL_NOTES=0 */;


-- Dumping database structure for testing_lpmaarif
CREATE DATABASE IF NOT EXISTS `testing_lpmaarif` /*!40100 DEFAULT CHARACTER SET utf8mb4 COLLATE utf8mb4_0900_ai_ci */ /*!80016 DEFAULT ENCRYPTION='N' */;
USE `testing_lpmaarif`;

-- Dumping structure for table testing_lpmaarif.access_token
CREATE TABLE IF NOT EXISTS `access_token` (
  `id` bigint unsigned NOT NULL AUTO_INCREMENT,
  `name` varchar(255) CHARACTER SET utf8mb4 COLLATE utf8mb4_unicode_ci NOT NULL,
  `token` varchar(255) CHARACTER SET utf8mb4 COLLATE utf8mb4_unicode_ci NOT NULL,
  `hashtype` varchar(10) CHARACTER SET utf8mb4 COLLATE utf8mb4_unicode_ci DEFAULT NULL,
  `expires_at` timestamp NULL DEFAULT NULL,
  `created_at` timestamp NULL DEFAULT NULL,
  `updated_at` timestamp NULL DEFAULT NULL,
  PRIMARY KEY (`id`),
  UNIQUE KEY `access_token_token_unique` (`token`)
) ENGINE=InnoDB AUTO_INCREMENT=3 DEFAULT CHARSET=utf8mb4 COLLATE=utf8mb4_unicode_ci;

-- Dumping data for table testing_lpmaarif.access_token: ~0 rows (approximately)
DELETE FROM `access_token`;
INSERT INTO `access_token` (`id`, `name`, `token`, `hashtype`, `expires_at`, `created_at`, `updated_at`) VALUES
	(1, 'Sync', 'aaf7e7f9-38b5-4978-a4fd-a4eab663ff6c', 'uuid', NULL, NULL, NULL),
	(2, 'Api-vnpsn', '123', 'uuid', NULL, NULL, NULL);

-- Dumping structure for table testing_lpmaarif.bhpnu
CREATE TABLE IF NOT EXISTS `bhpnu` (
  `id_bhpnu` bigint unsigned NOT NULL AUTO_INCREMENT,
  `id_user` bigint unsigned NOT NULL,
  `bukti_bayar` varchar(255) CHARACTER SET utf8mb4 COLLATE utf8mb4_unicode_ci NOT NULL,
  `no_resi` varchar(100) CHARACTER SET utf8mb4 COLLATE utf8mb4_unicode_ci DEFAULT NULL,
  `tanggal` date DEFAULT NULL,
  `tgl_dikirim` date DEFAULT NULL,
  `tgl_expired` date DEFAULT NULL,
  `status` enum('mengisi persyaratan','verifikasi','perbaikan','dokumen diproses','dokumen dikirim') CHARACTER SET utf8mb4 COLLATE utf8mb4_unicode_ci NOT NULL DEFAULT 'mengisi persyaratan',
  `created_at` timestamp NULL DEFAULT NULL,
  `updated_at` timestamp NULL DEFAULT NULL,
  PRIMARY KEY (`id_bhpnu`),
  KEY `bhpnu_id_user_foreign` (`id_user`),
  CONSTRAINT `bhpnu_id_user_foreign` FOREIGN KEY (`id_user`) REFERENCES `users` (`id_user`) ON DELETE CASCADE ON UPDATE CASCADE
) ENGINE=InnoDB DEFAULT CHARSET=utf8mb4 COLLATE=utf8mb4_unicode_ci;

-- Dumping data for table testing_lpmaarif.bhpnu: ~0 rows (approximately)
DELETE FROM `bhpnu`;

-- Dumping structure for table testing_lpmaarif.bhpnu_status
CREATE TABLE IF NOT EXISTS `bhpnu_status` (
  `id` bigint unsigned NOT NULL AUTO_INCREMENT,
  `id_bhpnu` bigint unsigned NOT NULL,
  `statusType` varchar(20) CHARACTER SET utf8mb4 COLLATE utf8mb4_unicode_ci NOT NULL,
  `icon` varchar(50) CHARACTER SET utf8mb4 COLLATE utf8mb4_unicode_ci NOT NULL,
  `textstatus` varchar(50) CHARACTER SET utf8mb4 COLLATE utf8mb4_unicode_ci NOT NULL,
  `status` enum('success','failed') CHARACTER SET utf8mb4 COLLATE utf8mb4_unicode_ci DEFAULT NULL,
  `keterangan` varchar(255) CHARACTER SET utf8mb4 COLLATE utf8mb4_unicode_ci DEFAULT NULL,
  `created_at` timestamp NULL DEFAULT NULL,
  `updated_at` timestamp NULL DEFAULT NULL,
  PRIMARY KEY (`id`),
  KEY `bhpnu_status_id_bhpnu_foreign` (`id_bhpnu`),
  CONSTRAINT `bhpnu_status_id_bhpnu_foreign` FOREIGN KEY (`id_bhpnu`) REFERENCES `bhpnu` (`id_bhpnu`) ON DELETE CASCADE ON UPDATE CASCADE
) ENGINE=InnoDB DEFAULT CHARSET=utf8mb4 COLLATE=utf8mb4_unicode_ci;

-- Dumping data for table testing_lpmaarif.bhpnu_status: ~0 rows (approximately)
DELETE FROM `bhpnu_status`;

-- Dumping structure for table testing_lpmaarif.file_register
CREATE TABLE IF NOT EXISTS `file_register` (
  `id_file` bigint unsigned NOT NULL AUTO_INCREMENT,
  `id_satpen` bigint unsigned NOT NULL,
  `daerah` varchar(100) CHARACTER SET utf8mb4 COLLATE utf8mb4_unicode_ci DEFAULT NULL,
  `mapfile` enum('surat_permohonan','rekom_pc','rekom_pw','Surat Permohonan','Surat Keterangan PC','Surat Rekomendasi PW') CHARACTER SET utf8mb4 COLLATE utf8mb4_unicode_ci NOT NULL,
  `nm_lembaga` varchar(50) CHARACTER SET utf8mb4 COLLATE utf8mb4_unicode_ci NOT NULL,
  `nomor_surat` varchar(255) CHARACTER SET utf8mb4 COLLATE utf8mb4_unicode_ci NOT NULL,
  `tgl_surat` date NOT NULL,
  `filesurat` varchar(255) CHARACTER SET utf8mb4 COLLATE utf8mb4_unicode_ci NOT NULL,
  `created_at` timestamp NULL DEFAULT NULL,
  `updated_at` timestamp NULL DEFAULT NULL,
  PRIMARY KEY (`id_file`),
  KEY `file_register_id_satpen_foreign` (`id_satpen`),
  CONSTRAINT `file_register_id_satpen_foreign` FOREIGN KEY (`id_satpen`) REFERENCES `satpen` (`id_satpen`) ON DELETE CASCADE ON UPDATE CASCADE
) ENGINE=InnoDB AUTO_INCREMENT=43 DEFAULT CHARSET=utf8mb4 COLLATE=utf8mb4_unicode_ci;

-- Dumping data for table testing_lpmaarif.file_register: ~6 rows (approximately)
DELETE FROM `file_register`;
INSERT INTO `file_register` (`id_file`, `id_satpen`, `daerah`, `mapfile`, `nm_lembaga`, `nomor_surat`, `tgl_surat`, `filesurat`, `created_at`, `updated_at`) VALUES
	(19, 603, '', 'Surat Permohonan', 'SMK MAARIF NU MARTAPURA', '07.1.a/SR/LPM-NU/KS/X/2023', '2023-10-21', 'eLTy5zQbYpSnnMIPC2GmysQ1eh4388J1E7oBqtE0.pdf', NULL, NULL),
	(20, 603, 'Cabang Kabupaten Banjar', 'Surat Keterangan PC', 'LP Ma\'arif NU PCNU', '07.1.a/SR/LPM-NU/KS/X/2023', '2023-10-21', '6jUYbScZfCff7Aq2GPsvEWIAvHVDaZVOb2XvFOjm.pdf', NULL, NULL),
	(21, 603, 'Kalimantan Selatan', 'Surat Rekomendasi PW', 'LP Ma\'arif NU PWNU', '07.1/SR/LPM-NU/KS/X/2023', '2023-10-02', 'KAlA6aJCEGurRzsxT7tjrXMALogJS3hm9vwJ3cHB.pdf', NULL, NULL),
	(40, 610, '', 'surat_permohonan', 'sekolah saya', '123412222', '2024-09-09', 'rwJH8pqHLEaTsuhmaaTpsBKZpEHkcRFxVoG6L7Bg.pdf', NULL, NULL),
	(41, 610, 'Cabang Kabupaten Kediri', 'rekom_pc', 'LP Ma\'arif NU PCNU', '1234556', '2024-09-09', 'OcoOwN9aWH8a8gL35jGvjyHywKhAm4MDcytnIRJj.pdf', NULL, NULL),
	(42, 610, 'Jawa Timur', 'rekom_pw', 'LP Ma\'arif NU PWNU', '123456774eew', '2024-09-09', 'kwiPC4MWpSRRJyhYI2rYJt9JvjQpT1yX50e54KPC.pdf', NULL, NULL);

-- Dumping structure for table testing_lpmaarif.file_upload
CREATE TABLE IF NOT EXISTS `file_upload` (
  `id_file` bigint unsigned NOT NULL AUTO_INCREMENT,
  `id_satpen` bigint unsigned NOT NULL,
  `typefile` enum('sk','piagam') CHARACTER SET utf8mb4 COLLATE utf8mb4_unicode_ci NOT NULL,
  `qrcode` varchar(255) CHARACTER SET utf8mb4 COLLATE utf8mb4_unicode_ci DEFAULT NULL,
  `nm_file` varchar(255) CHARACTER SET utf8mb4 COLLATE utf8mb4_unicode_ci NOT NULL,
  `tgl_file` date NOT NULL,
  `created_at` timestamp NULL DEFAULT NULL,
  `updated_at` timestamp NULL DEFAULT NULL,
  PRIMARY KEY (`id_file`),
  KEY `file_upload_id_satpen_foreign` (`id_satpen`),
  CONSTRAINT `file_upload_id_satpen_foreign` FOREIGN KEY (`id_satpen`) REFERENCES `satpen` (`id_satpen`) ON DELETE CASCADE ON UPDATE CASCADE
) ENGINE=InnoDB AUTO_INCREMENT=1205 DEFAULT CHARSET=utf8mb4 COLLATE=utf8mb4_unicode_ci;

-- Dumping data for table testing_lpmaarif.file_upload: ~348 rows (approximately)
DELETE FROM `file_upload`;
INSERT INTO `file_upload` (`id_file`, `id_satpen`, `typefile`, `qrcode`, `nm_file`, `tgl_file`, `created_at`, `updated_at`) VALUES
	(857, 430, 'piagam', 'https://sipinter.maarifnu.or.id/verify/a74e1858e8cf4125a38c97db8b851fea', 'Piagam Nomor Registrasi Ma\'arif - MIS AL IMAN SOROGENEN.pdf', '2023-11-02', '2023-11-02 09:41:12', '2023-11-02 09:41:12'),
	(858, 430, 'sk', 'https://sipinter.maarifnu.or.id/verify/8d1d8eba31964a84bf4436561dd05b13', 'SK Satuan Pendidikan BHPNU - MIS AL IMAN SOROGENEN.pdf', '2023-11-02', '2023-11-02 09:41:12', '2023-11-02 09:41:12'),
	(859, 431, 'piagam', 'https://sipinter.maarifnu.or.id/verify/e63a999724864b8c852a5877b0a7b214', 'Piagam Nomor Registrasi Ma\'arif - MIS MA`ARIF SAMAN.pdf', '2023-11-02', '2023-11-02 09:41:14', '2023-11-02 09:41:14'),
	(860, 431, 'sk', 'https://sipinter.maarifnu.or.id/verify/c70cc06ba0a6492db50d85c8789a56e1', 'SK Satuan Pendidikan BHPNU - MIS MA`ARIF SAMAN.pdf', '2023-11-02', '2023-11-02 09:41:14', '2023-11-02 09:41:14'),
	(861, 432, 'piagam', 'https://sipinter.maarifnu.or.id/verify/65e3b16168904f2f8e9f9bbbe753e6c6', 'Piagam Nomor Registrasi Ma\'arif - SDNU PEMANAHAN.pdf', '2023-11-02', '2023-11-02 09:41:15', '2023-11-02 09:41:15'),
	(862, 432, 'sk', 'https://sipinter.maarifnu.or.id/verify/0452841339e443068092271f80b7c907', 'SK Satuan Pendidikan BHPNU - SDNU PEMANAHAN.pdf', '2023-11-02', '2023-11-02 09:41:15', '2023-11-02 09:41:15'),
	(863, 433, 'piagam', 'https://sipinter.maarifnu.or.id/verify/bc0ba33f380345648d0ec56aac015747', 'Piagam Nomor Registrasi Ma\'arif - MIS MAARIF NGLISENG.pdf', '2023-11-02', '2023-11-02 09:41:16', '2023-11-02 09:41:16'),
	(864, 433, 'sk', 'https://sipinter.maarifnu.or.id/verify/545d5750e16440019f631544527d8e3c', 'SK Satuan Pendidikan BHPNU - MIS MAARIF NGLISENG.pdf', '2023-11-02', '2023-11-02 09:41:16', '2023-11-02 09:41:16'),
	(865, 434, 'piagam', 'https://sipinter.maarifnu.or.id/verify/f7b25c3b9b9c46bab5d4d2e6618f4959', 'Piagam Nomor Registrasi Ma\'arif - MIS YAPPI BADONGAN.pdf', '2023-11-02', '2023-11-02 09:41:18', '2023-11-02 09:41:18'),
	(866, 434, 'sk', 'https://sipinter.maarifnu.or.id/verify/3097e27c521c4dbaa2a7afd9a079b561', 'SK Satuan Pendidikan BHPNU - MIS YAPPI BADONGAN.pdf', '2023-11-02', '2023-11-02 09:41:18', '2023-11-02 09:41:18'),
	(867, 435, 'piagam', 'https://sipinter.maarifnu.or.id/verify/2d100b004cb44e7c8064b487fd21eb48', 'Piagam Nomor Registrasi Ma\'arif - MIS YAPPI KARANGPILANG.pdf', '2023-11-02', '2023-11-02 09:41:19', '2023-11-02 09:41:19'),
	(868, 435, 'sk', 'https://sipinter.maarifnu.or.id/verify/2b2a13d3103a4774ba111d9ed7fb086a', 'SK Satuan Pendidikan BHPNU - MIS YAPPI KARANGPILANG.pdf', '2023-11-02', '2023-11-02 09:41:19', '2023-11-02 09:41:19'),
	(869, 436, 'piagam', 'https://sipinter.maarifnu.or.id/verify/c935ca0607494ab58dc12f968bce8dd2', 'Piagam Nomor Registrasi Ma\'arif - MIS YAPPI KARANG WETAN.pdf', '2023-11-02', '2023-11-02 09:41:20', '2023-11-02 09:41:20'),
	(870, 436, 'sk', 'https://sipinter.maarifnu.or.id/verify/9749d34488324d74b3261b22f16f5deb', 'SK Satuan Pendidikan BHPNU - MIS YAPPI KARANG WETAN.pdf', '2023-11-02', '2023-11-02 09:41:20', '2023-11-02 09:41:20'),
	(871, 437, 'piagam', 'https://sipinter.maarifnu.or.id/verify/8385546516b743e7a7958d311cc54008', '7030008-MIS YAPPI KLEPU.pdf', '2024-09-20', '2023-11-02 09:41:22', '2024-09-20 02:05:55'),
	(872, 437, 'sk', 'https://sipinter.maarifnu.or.id/verify/361d07f886894a3ba5f2cb605b7c8945', '7030008-MIS YAPPI KLEPU.pdf', '2024-09-20', '2023-11-02 09:41:22', '2024-09-20 02:05:55'),
	(873, 438, 'piagam', 'https://sipinter.maarifnu.or.id/verify/8432b6a3468e40f18b75a984df9a0f45', 'Piagam Nomor Registrasi Ma\'arif - MIS YAPPI PUCUNG.pdf', '2023-11-02', '2023-11-02 09:41:23', '2023-11-02 09:41:23'),
	(874, 438, 'sk', 'https://sipinter.maarifnu.or.id/verify/162bffbd9deb4852a38326afc5078d6a', 'SK Satuan Pendidikan BHPNU - MIS YAPPI PUCUNG.pdf', '2023-11-02', '2023-11-02 09:41:23', '2023-11-02 09:41:23'),
	(875, 439, 'piagam', 'https://sipinter.maarifnu.or.id/verify/052a9c4c716e4de3a7aa1be69c982878', 'Piagam Nomor Registrasi Ma\'arif - MIS YAPPI NOLOGATEN.pdf', '2023-11-02', '2023-11-02 09:41:24', '2023-11-02 09:41:24'),
	(876, 439, 'sk', 'https://sipinter.maarifnu.or.id/verify/b0234c39ca4243888169a0875f564eaa', 'SK Satuan Pendidikan BHPNU - MIS YAPPI NOLOGATEN.pdf', '2023-11-02', '2023-11-02 09:41:24', '2023-11-02 09:41:24'),
	(877, 440, 'piagam', 'https://sipinter.maarifnu.or.id/verify/f3441c0403444fb5aa48901805d0589e', 'Piagam Nomor Registrasi Ma\'arif - MIS YAPPI TOBONG.pdf', '2023-11-02', '2023-11-02 09:41:25', '2023-11-02 09:41:25'),
	(878, 440, 'sk', 'https://sipinter.maarifnu.or.id/verify/c98cc0985bb046478a4ee1360832fe2b', 'SK Satuan Pendidikan BHPNU - MIS YAPPI TOBONG.pdf', '2023-11-02', '2023-11-02 09:41:25', '2023-11-02 09:41:25'),
	(879, 441, 'piagam', 'https://sipinter.maarifnu.or.id/verify/f139a16608c34c17a617aa768975bb2b', 'Piagam Nomor Registrasi Ma\'arif - MIS YAPPI NGLEBENG.pdf', '2023-11-02', '2023-11-02 09:41:27', '2023-11-02 09:41:27'),
	(880, 441, 'sk', 'https://sipinter.maarifnu.or.id/verify/3d7a7d0c3a8541af8a844e31352d2bf1', 'SK Satuan Pendidikan BHPNU - MIS YAPPI NGLEBENG.pdf', '2023-11-02', '2023-11-02 09:41:27', '2023-11-02 09:41:27'),
	(881, 442, 'piagam', 'https://sipinter.maarifnu.or.id/verify/18d9cc71b0364caa972c718768fe71ac', 'Piagam Nomor Registrasi Ma\'arif - MIS YAPPI NGEMBES.pdf', '2023-11-02', '2023-11-02 09:41:28', '2023-11-02 09:41:28'),
	(882, 442, 'sk', 'https://sipinter.maarifnu.or.id/verify/65d5f0fa221a4fd591dc9090a7a6f175', 'SK Satuan Pendidikan BHPNU - MIS YAPPI NGEMBES.pdf', '2023-11-02', '2023-11-02 09:41:28', '2023-11-02 09:41:28'),
	(883, 443, 'piagam', 'https://sipinter.maarifnu.or.id/verify/aac4fb37ec794a6084546fca150fb663', 'Piagam Nomor Registrasi Ma\'arif - MIS YAPPI SEMOYO.pdf', '2023-11-02', '2023-11-02 09:41:29', '2023-11-02 09:41:29'),
	(884, 443, 'sk', 'https://sipinter.maarifnu.or.id/verify/f71bcb5145a5437e8152f706f2be351c', 'SK Satuan Pendidikan BHPNU - MIS YAPPI SEMOYO.pdf', '2023-11-02', '2023-11-02 09:41:29', '2023-11-02 09:41:29'),
	(885, 444, 'piagam', 'https://sipinter.maarifnu.or.id/verify/deed14764de0445b907227c8caee3f3e', 'Piagam Nomor Registrasi Ma\'arif - MIS YAPPI GEDAD I.pdf', '2023-11-02', '2023-11-02 09:41:30', '2023-11-02 09:41:30'),
	(886, 444, 'sk', 'https://sipinter.maarifnu.or.id/verify/6d47cd9a0ef949909dae8a652f8f513b', 'SK Satuan Pendidikan BHPNU - MIS YAPPI GEDAD I.pdf', '2023-11-02', '2023-11-02 09:41:30', '2023-11-02 09:41:30'),
	(887, 445, 'piagam', 'https://sipinter.maarifnu.or.id/verify/50f0790363c14293bc54c2aa27bac43a', 'Piagam Nomor Registrasi Ma\'arif - MIS YAPPI GEDAD 2.pdf', '2023-11-02', '2023-11-02 09:41:31', '2023-11-02 09:41:31'),
	(888, 445, 'sk', 'https://sipinter.maarifnu.or.id/verify/7904f07283294e40b6d29f67b5ceda93', 'SK Satuan Pendidikan BHPNU - MIS YAPPI GEDAD 2.pdf', '2023-11-02', '2023-11-02 09:41:31', '2023-11-02 09:41:31'),
	(889, 446, 'piagam', 'https://sipinter.maarifnu.or.id/verify/53700d44b257464ebceff97cb088819d', 'Piagam Nomor Registrasi Ma\'arif - MIS YAPPI GUBUKRUBUH.pdf', '2023-11-02', '2023-11-02 09:41:33', '2023-11-02 09:41:33'),
	(890, 446, 'sk', 'https://sipinter.maarifnu.or.id/verify/288b19742003499d9a3625f7ed264f14', 'SK Satuan Pendidikan BHPNU - MIS YAPPI GUBUKRUBUH.pdf', '2023-11-02', '2023-11-02 09:41:33', '2023-11-02 09:41:33'),
	(891, 447, 'piagam', 'https://sipinter.maarifnu.or.id/verify/cd8b97d0e93f44dfba0cc682d7ea14cc', 'Piagam Nomor Registrasi Ma\'arif - MIS YAPPI BANYUSOCO.pdf', '2023-11-02', '2023-11-02 09:41:34', '2023-11-02 09:41:34'),
	(892, 447, 'sk', 'https://sipinter.maarifnu.or.id/verify/a8719733e09748faa0f1e48a9e9162bd', 'SK Satuan Pendidikan BHPNU - MIS YAPPI BANYUSOCO.pdf', '2023-11-02', '2023-11-02 09:41:34', '2023-11-02 09:41:34'),
	(893, 448, 'piagam', 'https://sipinter.maarifnu.or.id/verify/280ed5646a1e4fb6ad04d18c2e4e6f3c', 'Piagam Nomor Registrasi Ma\'arif - MIS YAPPI BANJARAN.pdf', '2023-11-02', '2023-11-02 09:41:35', '2023-11-02 09:41:35'),
	(894, 448, 'sk', 'https://sipinter.maarifnu.or.id/verify/711ada68df3a4770b90dc10e2f898995', 'SK Satuan Pendidikan BHPNU - MIS YAPPI BANJARAN.pdf', '2023-11-02', '2023-11-02 09:41:35', '2023-11-02 09:41:35'),
	(895, 449, 'piagam', 'https://sipinter.maarifnu.or.id/verify/ece78fcb209447bf8af013f0d7b7a3bc', 'Piagam Nomor Registrasi Ma\'arif - MIS YAPPI MULUSAN.pdf', '2023-11-02', '2023-11-02 09:41:36', '2023-11-02 09:41:36'),
	(896, 449, 'sk', 'https://sipinter.maarifnu.or.id/verify/407383a269b1495b9fd1b5c4fa8e6b1f', 'SK Satuan Pendidikan BHPNU - MIS YAPPI MULUSAN.pdf', '2023-11-02', '2023-11-02 09:41:36', '2023-11-02 09:41:36'),
	(897, 450, 'piagam', 'https://sipinter.maarifnu.or.id/verify/bd94132f28c5453a8324edc0b421beda', 'Piagam Nomor Registrasi Ma\'arif - MIS YAPPI BANSARI.pdf', '2023-11-02', '2023-11-02 09:41:37', '2023-11-02 09:41:37'),
	(898, 450, 'sk', 'https://sipinter.maarifnu.or.id/verify/969fb36da1764a50a1062c0a0b59c23b', 'SK Satuan Pendidikan BHPNU - MIS YAPPI BANSARI.pdf', '2023-11-02', '2023-11-02 09:41:37', '2023-11-02 09:41:37'),
	(899, 451, 'piagam', 'https://sipinter.maarifnu.or.id/verify/62133aead1be4c0fa1993f28b7c4268d', 'Piagam Nomor Registrasi Ma\'arif - MIS YAPPI RANDUKUNING.pdf', '2023-11-02', '2023-11-02 09:41:38', '2023-11-02 09:41:38'),
	(900, 451, 'sk', 'https://sipinter.maarifnu.or.id/verify/a6f2d20586e14619b36053a9f77dc0b3', 'SK Satuan Pendidikan BHPNU - MIS YAPPI RANDUKUNING.pdf', '2023-11-02', '2023-11-02 09:41:38', '2023-11-02 09:41:38'),
	(901, 452, 'piagam', 'https://sipinter.maarifnu.or.id/verify/2c74dc64eac84f1c8fae9e1e08f7d269', 'Piagam Nomor Registrasi Ma\'arif - MIS MAARIF MULO.pdf', '2023-11-02', '2023-11-02 09:41:39', '2023-11-02 09:41:39'),
	(902, 452, 'sk', 'https://sipinter.maarifnu.or.id/verify/657722072a954173b920479e5c8e9fc0', 'SK Satuan Pendidikan BHPNU - MIS MAARIF MULO.pdf', '2023-11-02', '2023-11-02 09:41:39', '2023-11-02 09:41:39'),
	(903, 453, 'piagam', 'https://sipinter.maarifnu.or.id/verify/ea4aa71df435455d84bbc1d7e90656c3', 'Piagam Nomor Registrasi Ma\'arif - MIS YAPPI KALANGAN.pdf', '2023-11-02', '2023-11-02 09:41:41', '2023-11-02 09:41:41'),
	(904, 453, 'sk', 'https://sipinter.maarifnu.or.id/verify/3267cbcdc2dd47368b06fab3918331fd', 'SK Satuan Pendidikan BHPNU - MIS YAPPI KALANGAN.pdf', '2023-11-02', '2023-11-02 09:41:41', '2023-11-02 09:41:41'),
	(905, 454, 'piagam', 'https://sipinter.maarifnu.or.id/verify/7c2e7ec37d564d00b154b9098603b294', 'Piagam Nomor Registrasi Ma\'arif - MIS YAPPI PEYUYON.pdf', '2023-11-02', '2023-11-02 09:41:42', '2023-11-02 09:41:42'),
	(906, 454, 'sk', 'https://sipinter.maarifnu.or.id/verify/23f035a073b04ad78a3ff6cabd6bb32a', 'SK Satuan Pendidikan BHPNU - MIS YAPPI PEYUYON.pdf', '2023-11-02', '2023-11-02 09:41:42', '2023-11-02 09:41:42'),
	(907, 455, 'piagam', 'https://sipinter.maarifnu.or.id/verify/616b58587fe5453f8b18f8aee7a41855', 'Piagam Nomor Registrasi Ma\'arif - MIS YAPPI PAYAK.pdf', '2023-11-02', '2023-11-02 09:41:43', '2023-11-02 09:41:43'),
	(908, 455, 'sk', 'https://sipinter.maarifnu.or.id/verify/1bcddf14e9dd44adbeaa98c7e3010428', 'SK Satuan Pendidikan BHPNU - MIS YAPPI PAYAK.pdf', '2023-11-02', '2023-11-02 09:41:43', '2023-11-02 09:41:43'),
	(909, 456, 'piagam', 'https://sipinter.maarifnu.or.id/verify/db09e10d19c44919b4aa5da8767dc86a', 'Piagam Nomor Registrasi Ma\'arif - MIS YAPPI PLALAR.pdf', '2023-11-02', '2023-11-02 09:41:44', '2023-11-02 09:41:44'),
	(910, 456, 'sk', 'https://sipinter.maarifnu.or.id/verify/1f411b9e41894cc29c3766ecfcc8222d', 'SK Satuan Pendidikan BHPNU - MIS YAPPI PLALAR.pdf', '2023-11-02', '2023-11-02 09:41:44', '2023-11-02 09:41:44'),
	(911, 457, 'piagam', 'https://sipinter.maarifnu.or.id/verify/8edbcffe926542f0b3d3485112270fe9', 'Piagam Nomor Registrasi Ma\'arif - MIS YAPPI SAWAHAN.pdf', '2023-11-02', '2023-11-02 09:41:45', '2023-11-02 09:41:45'),
	(912, 457, 'sk', 'https://sipinter.maarifnu.or.id/verify/dc62f3ea63dd47f4869f7520b89a2104', 'SK Satuan Pendidikan BHPNU - MIS YAPPI SAWAHAN.pdf', '2023-11-02', '2023-11-02 09:41:45', '2023-11-02 09:41:45'),
	(913, 458, 'piagam', 'https://sipinter.maarifnu.or.id/verify/3f09a91d8e5d4b47a1cba12108d5e129', 'Piagam Nomor Registrasi Ma\'arif - MIS YAPPI TAMBAKROMO.pdf', '2023-11-02', '2023-11-02 09:41:46', '2023-11-02 09:41:46'),
	(914, 458, 'sk', 'https://sipinter.maarifnu.or.id/verify/2fff5bd4606048d9af47d6824d7c09dd', 'SK Satuan Pendidikan BHPNU - MIS YAPPI TAMBAKROMO.pdf', '2023-11-02', '2023-11-02 09:41:46', '2023-11-02 09:41:46'),
	(915, 459, 'piagam', 'https://sipinter.maarifnu.or.id/verify/5e73cd80d3f54932b2a65f134fa3a0b2', 'Piagam Nomor Registrasi Ma\'arif - MIS YAPPI BALONG.pdf', '2023-11-02', '2023-11-02 09:41:48', '2023-11-02 09:41:48'),
	(916, 459, 'sk', 'https://sipinter.maarifnu.or.id/verify/5c037922d40446d092ecb0903b7b4347', 'SK Satuan Pendidikan BHPNU - MIS YAPPI BALONG.pdf', '2023-11-02', '2023-11-02 09:41:48', '2023-11-02 09:41:48'),
	(917, 460, 'piagam', 'https://sipinter.maarifnu.or.id/verify/d515b4fbd6644483b996ebb652db5546', 'Piagam Nomor Registrasi Ma\'arif - MIS YAPPI TEKIK.pdf', '2023-11-02', '2023-11-02 09:41:49', '2023-11-02 09:41:49'),
	(918, 460, 'sk', 'https://sipinter.maarifnu.or.id/verify/031416aa3be34b23a188384c3270a856', 'SK Satuan Pendidikan BHPNU - MIS YAPPI TEKIK.pdf', '2023-11-02', '2023-11-02 09:41:49', '2023-11-02 09:41:49'),
	(919, 461, 'piagam', 'https://sipinter.maarifnu.or.id/verify/e1a75cd590fd4c17ae9b907791827db2', 'Piagam Nomor Registrasi Ma\'arif - MIS YAPPI KARANGTRITIS.pdf', '2023-11-02', '2023-11-02 09:41:50', '2023-11-02 09:41:50'),
	(920, 461, 'sk', 'https://sipinter.maarifnu.or.id/verify/4e3b3d29978d422183fdc78213fc3384', 'SK Satuan Pendidikan BHPNU - MIS YAPPI KARANGTRITIS.pdf', '2023-11-02', '2023-11-02 09:41:50', '2023-11-02 09:41:50'),
	(921, 462, 'piagam', 'https://sipinter.maarifnu.or.id/verify/8f86da6c43e2437f8cfc5b811f229a76', 'Piagam Nomor Registrasi Ma\'arif - MIS YAPPI TEGALWERU.pdf', '2023-11-02', '2023-11-02 09:41:51', '2023-11-02 09:41:51'),
	(922, 462, 'sk', 'https://sipinter.maarifnu.or.id/verify/b04d73558f5d482090929e903be68b82', 'SK Satuan Pendidikan BHPNU - MIS YAPPI TEGALWERU.pdf', '2023-11-02', '2023-11-02 09:41:51', '2023-11-02 09:41:51'),
	(923, 463, 'piagam', 'https://sipinter.maarifnu.or.id/verify/9567ec4f4f254cc9966baaad3aa84ac2', 'Piagam Nomor Registrasi Ma\'arif - MIS YAPPI CEKEL.pdf', '2023-11-02', '2023-11-02 09:41:52', '2023-11-02 09:41:52'),
	(924, 463, 'sk', 'https://sipinter.maarifnu.or.id/verify/61018a4aed674f0ca460a6bf837a556a', 'SK Satuan Pendidikan BHPNU - MIS YAPPI CEKEL.pdf', '2023-11-02', '2023-11-02 09:41:52', '2023-11-02 09:41:52'),
	(925, 464, 'piagam', 'https://sipinter.maarifnu.or.id/verify/39a7975795a2405d8b8c8896703b42c7', 'Piagam Nomor Registrasi Ma\'arif - MIS YAPPI DONDONG.pdf', '2023-11-02', '2023-11-02 09:41:53', '2023-11-02 09:41:53'),
	(926, 464, 'sk', 'https://sipinter.maarifnu.or.id/verify/3e45f970d1cc4f74b29cc30000405367', 'SK Satuan Pendidikan BHPNU - MIS YAPPI DONDONG.pdf', '2023-11-02', '2023-11-02 09:41:53', '2023-11-02 09:41:53'),
	(927, 465, 'piagam', 'https://sipinter.maarifnu.or.id/verify/5c7ba170c7914d61ae60a73384fa6248', 'Piagam Nomor Registrasi Ma\'arif - MIS YAPPI KARANG.pdf', '2023-11-02', '2023-11-02 09:41:54', '2023-11-02 09:41:54'),
	(928, 465, 'sk', 'https://sipinter.maarifnu.or.id/verify/64b26630fef94163842fda500f797cb6', 'SK Satuan Pendidikan BHPNU - MIS YAPPI KARANG.pdf', '2023-11-02', '2023-11-02 09:41:54', '2023-11-02 09:41:54'),
	(929, 466, 'piagam', 'https://sipinter.maarifnu.or.id/verify/f42434ddd12a4112a60dd7233302af0a', 'Piagam Nomor Registrasi Ma\'arif - MIS YAPPI NGRATI.pdf', '2023-11-02', '2023-11-02 09:41:56', '2023-11-02 09:41:56'),
	(930, 466, 'sk', 'https://sipinter.maarifnu.or.id/verify/e58d26cc41224881bde69714a1077323', 'SK Satuan Pendidikan BHPNU - MIS YAPPI NGRATI.pdf', '2023-11-02', '2023-11-02 09:41:56', '2023-11-02 09:41:56'),
	(931, 467, 'piagam', 'https://sipinter.maarifnu.or.id/verify/2af23d5f294d4c46926225ddafe2594b', 'Piagam Nomor Registrasi Ma\'arif - MIS YAPPI PIJENAN.pdf', '2023-11-02', '2023-11-02 09:41:57', '2023-11-02 09:41:57'),
	(932, 467, 'sk', 'https://sipinter.maarifnu.or.id/verify/569f7c2f895346edad9f59194bc39282', 'SK Satuan Pendidikan BHPNU - MIS YAPPI PIJENAN.pdf', '2023-11-02', '2023-11-02 09:41:57', '2023-11-02 09:41:57'),
	(933, 468, 'piagam', 'https://sipinter.maarifnu.or.id/verify/b4f1544bd9bc4a49b7c82cc7c20b8296', 'Piagam Nomor Registrasi Ma\'arif - MIS Ma arif Nurul Haromain.pdf', '2023-11-02', '2023-11-02 09:41:58', '2023-11-02 09:41:58'),
	(934, 468, 'sk', 'https://sipinter.maarifnu.or.id/verify/00189b98241340e2b3deb2bafe23075a', 'SK Satuan Pendidikan BHPNU - MIS Ma arif Nurul Haromain.pdf', '2023-11-02', '2023-11-02 09:41:58', '2023-11-02 09:41:58'),
	(935, 469, 'piagam', 'https://sipinter.maarifnu.or.id/verify/2c31fb0af47c406187fbf092c1fdef54', 'Piagam Nomor Registrasi Ma\'arif - MI MA`ARIF KOKAP.pdf', '2023-11-02', '2023-11-02 09:41:59', '2023-11-02 09:41:59'),
	(936, 469, 'sk', 'https://sipinter.maarifnu.or.id/verify/7cda670ba5ab4c1f8ad4c1cdef723998', 'SK Satuan Pendidikan BHPNU - MI MA`ARIF KOKAP.pdf', '2023-11-02', '2023-11-02 09:41:59', '2023-11-02 09:41:59'),
	(937, 470, 'piagam', 'https://sipinter.maarifnu.or.id/verify/a740fa80d6124951a7d2524ec232b12d', 'Piagam Nomor Registrasi Ma\'arif - SD MAARIF NURUL JANNAH.pdf', '2023-11-02', '2023-11-02 09:42:00', '2023-11-02 09:42:00'),
	(938, 470, 'sk', 'https://sipinter.maarifnu.or.id/verify/66d001973c854a32afe52ca82f1500f9', 'SK Satuan Pendidikan BHPNU - SD MAARIF NURUL JANNAH.pdf', '2023-11-02', '2023-11-02 09:42:00', '2023-11-02 09:42:00'),
	(939, 471, 'piagam', 'https://sipinter.maarifnu.or.id/verify/91e50621d010405091dca4b52adb91a9', 'Piagam Nomor Registrasi Ma\'arif - MI MA`ARIF GARONGAN.pdf', '2023-11-02', '2023-11-02 09:42:01', '2023-11-02 09:42:01'),
	(940, 471, 'sk', 'https://sipinter.maarifnu.or.id/verify/80000c6e59554f3581b4d4f195ed31c7', 'SK Satuan Pendidikan BHPNU - MI MA`ARIF GARONGAN.pdf', '2023-11-02', '2023-11-02 09:42:01', '2023-11-02 09:42:01'),
	(941, 472, 'piagam', 'https://sipinter.maarifnu.or.id/verify/fb7d6a9ac67740698735623032f0696b', 'Piagam Nomor Registrasi Ma\'arif - MI MA`ARIF JEKELING.pdf', '2023-11-02', '2023-11-02 09:42:02', '2023-11-02 09:42:02'),
	(942, 472, 'sk', 'https://sipinter.maarifnu.or.id/verify/bb3b8aa6909a4555bc2d83c26e762613', 'SK Satuan Pendidikan BHPNU - MI MA`ARIF JEKELING.pdf', '2023-11-02', '2023-11-02 09:42:02', '2023-11-02 09:42:02'),
	(943, 473, 'piagam', 'https://sipinter.maarifnu.or.id/verify/98fdba9aeac140929b6b97e14759bf20', 'Piagam Nomor Registrasi Ma\'arif - MI MA`ARIF MAESAN.pdf', '2023-11-02', '2023-11-02 09:42:03', '2023-11-02 09:42:03'),
	(944, 473, 'sk', 'https://sipinter.maarifnu.or.id/verify/31bae06457634559af2bdfa1400d2a3f', 'SK Satuan Pendidikan BHPNU - MI MA`ARIF MAESAN.pdf', '2023-11-02', '2023-11-02 09:42:03', '2023-11-02 09:42:03'),
	(945, 474, 'piagam', 'https://sipinter.maarifnu.or.id/verify/1b2cd6ba7e304515b4f107f96a08aaac', 'Piagam Nomor Registrasi Ma\'arif - MIS AL IMAN.pdf', '2023-11-02', '2023-11-02 09:42:04', '2023-11-02 09:42:04'),
	(946, 474, 'sk', 'https://sipinter.maarifnu.or.id/verify/97b75209968749e9bef5a488690b5383', 'SK Satuan Pendidikan BHPNU - MIS AL IMAN.pdf', '2023-11-02', '2023-11-02 09:42:04', '2023-11-02 09:42:04'),
	(947, 475, 'piagam', 'https://sipinter.maarifnu.or.id/verify/8e7cc97dabf5488aaab3f687dd48ed7a', 'Piagam Nomor Registrasi Ma\'arif - MIS DARUL HUDA.pdf', '2023-11-02', '2023-11-02 09:42:06', '2023-11-02 09:42:06'),
	(948, 475, 'sk', 'https://sipinter.maarifnu.or.id/verify/303999f0ca0d4d48b392fbdca3901cbe', 'SK Satuan Pendidikan BHPNU - MIS DARUL HUDA.pdf', '2023-11-02', '2023-11-02 09:42:06', '2023-11-02 09:42:06'),
	(949, 476, 'piagam', 'https://sipinter.maarifnu.or.id/verify/b519bb073f054e959fb6f50023caae6d', 'Piagam Nomor Registrasi Ma\'arif - MIS AL HUDA.pdf', '2023-11-02', '2023-11-02 09:42:07', '2023-11-02 09:42:07'),
	(950, 476, 'sk', 'https://sipinter.maarifnu.or.id/verify/260db9b57c894fae8e340620e4ec7a98', 'SK Satuan Pendidikan BHPNU - MIS AL HUDA.pdf', '2023-11-02', '2023-11-02 09:42:07', '2023-11-02 09:42:07'),
	(951, 477, 'piagam', 'https://sipinter.maarifnu.or.id/verify/bbb60e998d8844f784372d61e2059397', 'Piagam Nomor Registrasi Ma\'arif - MIS DARUSSHOLIHIN.pdf', '2023-11-02', '2023-11-02 09:42:08', '2023-11-02 09:42:08'),
	(952, 477, 'sk', 'https://sipinter.maarifnu.or.id/verify/89be892bb0b34e4eb77079ca77d5ac12', 'SK Satuan Pendidikan BHPNU - MIS DARUSSHOLIHIN.pdf', '2023-11-02', '2023-11-02 09:42:08', '2023-11-02 09:42:08'),
	(953, 478, 'piagam', 'https://sipinter.maarifnu.or.id/verify/6073c979fbd642a1b30dc051942737ce', 'Piagam Nomor Registrasi Ma\'arif - MIS MA`ARIF WATUKARUNG.pdf', '2023-11-02', '2023-11-02 09:42:09', '2023-11-02 09:42:09'),
	(954, 478, 'sk', 'https://sipinter.maarifnu.or.id/verify/477484f0479542618ddec40ac9c3f653', 'SK Satuan Pendidikan BHPNU - MIS MA`ARIF WATUKARUNG.pdf', '2023-11-02', '2023-11-02 09:42:09', '2023-11-02 09:42:09'),
	(955, 479, 'piagam', 'https://sipinter.maarifnu.or.id/verify/93781274a22e44fab02f6dc2cf683ec9', 'Piagam Nomor Registrasi Ma\'arif - MAS Ma arif Darussholihin Sleman.pdf', '2023-11-02', '2023-11-02 09:42:11', '2023-11-02 09:42:11'),
	(956, 479, 'sk', 'https://sipinter.maarifnu.or.id/verify/831b8141db36405bb54a8a60d616b736', 'SK Satuan Pendidikan BHPNU - MAS Ma arif Darussholihin Sleman.pdf', '2023-11-02', '2023-11-02 09:42:11', '2023-11-02 09:42:11'),
	(957, 480, 'piagam', 'https://sipinter.maarifnu.or.id/verify/e999d44419294644b5c84cbca9b18950', 'Piagam Nomor Registrasi Ma\'arif - SMKS MAARIF 1 YOGYAKARTA.pdf', '2023-11-02', '2023-11-02 09:42:12', '2023-11-02 09:42:12'),
	(958, 480, 'sk', 'https://sipinter.maarifnu.or.id/verify/ec0984fbf6524b6093cba2a9f349d3f3', 'SK Satuan Pendidikan BHPNU - SMKS MAARIF 1 YOGYAKARTA.pdf', '2023-11-02', '2023-11-02 09:42:12', '2023-11-02 09:42:12'),
	(959, 481, 'piagam', 'https://sipinter.maarifnu.or.id/verify/70647e80ca2a48acb8064ea1a9468199', 'Piagam Nomor Registrasi Ma\'arif - MTSS DLINGO.pdf', '2023-11-02', '2023-11-02 09:42:13', '2023-11-02 09:42:13'),
	(960, 481, 'sk', 'https://sipinter.maarifnu.or.id/verify/2af5494959da461d8014c785c829ff04', 'SK Satuan Pendidikan BHPNU - MTSS DLINGO.pdf', '2023-11-02', '2023-11-02 09:42:13', '2023-11-02 09:42:13'),
	(961, 482, 'piagam', 'https://sipinter.maarifnu.or.id/verify/85443ec3ff8441778c2ed96b697a3250', 'Piagam Nomor Registrasi Ma\'arif - MTSS AL-FURQON SANDEN.pdf', '2023-11-02', '2023-11-02 09:42:14', '2023-11-02 09:42:14'),
	(962, 482, 'sk', 'https://sipinter.maarifnu.or.id/verify/bc45b2bec0fc46b9aff6bd15b188cb4f', 'SK Satuan Pendidikan BHPNU - MTSS AL-FURQON SANDEN.pdf', '2023-11-02', '2023-11-02 09:42:14', '2023-11-02 09:42:14'),
	(963, 483, 'piagam', 'https://sipinter.maarifnu.or.id/verify/02a483c0837f41d4aa215fef9a7e818a', 'Piagam Nomor Registrasi Ma\'arif - MTSS YAPPI DENGOK.pdf', '2023-11-02', '2023-11-02 09:42:15', '2023-11-02 09:42:15'),
	(964, 483, 'sk', 'https://sipinter.maarifnu.or.id/verify/0f2b89218b6a45d4b49b7a96ee444434', 'SK Satuan Pendidikan BHPNU - MTSS YAPPI DENGOK.pdf', '2023-11-02', '2023-11-02 09:42:15', '2023-11-02 09:42:15'),
	(965, 484, 'piagam', 'https://sipinter.maarifnu.or.id/verify/b93d670216ae45c48e6fdeed18eed9ac', 'Piagam Nomor Registrasi Ma\'arif - MTSS YAPPI MULUSAN PALIYAN.pdf', '2023-11-02', '2023-11-02 09:42:17', '2023-11-02 09:42:17'),
	(966, 484, 'sk', 'https://sipinter.maarifnu.or.id/verify/0e906d5c162041c9a876928c71a28b20', 'SK Satuan Pendidikan BHPNU - MTSS YAPPI MULUSAN PALIYAN.pdf', '2023-11-02', '2023-11-02 09:42:17', '2023-11-02 09:42:17'),
	(967, 485, 'piagam', 'https://sipinter.maarifnu.or.id/verify/f4b0fdb96fb2489b84034e07172e0617', 'Piagam Nomor Registrasi Ma\'arif - MTS AL ICHSAN.pdf', '2023-11-02', '2023-11-02 09:42:18', '2023-11-02 09:42:18'),
	(968, 485, 'sk', 'https://sipinter.maarifnu.or.id/verify/fcd8b54388904156a69fae053ccf581c', 'SK Satuan Pendidikan BHPNU - MTS AL ICHSAN.pdf', '2023-11-02', '2023-11-02 09:42:18', '2023-11-02 09:42:18'),
	(969, 486, 'piagam', 'https://sipinter.maarifnu.or.id/verify/a921cbb8fd20448dbf1be614526527b8', 'Piagam Nomor Registrasi Ma\'arif - MTS MA`ARIF JANGKARAN.pdf', '2023-11-02', '2023-11-02 09:42:19', '2023-11-02 09:42:19'),
	(970, 486, 'sk', 'https://sipinter.maarifnu.or.id/verify/9b6e408433074a5e9d60887c85c93f2c', 'SK Satuan Pendidikan BHPNU - MTS MA`ARIF JANGKARAN.pdf', '2023-11-02', '2023-11-02 09:42:19', '2023-11-02 09:42:19'),
	(971, 487, 'piagam', 'https://sipinter.maarifnu.or.id/verify/013ba940a245435985bd271ace6fbd31', 'Piagam Nomor Registrasi Ma\'arif - MTS MA`ARIF WATES.pdf', '2023-11-02', '2023-11-02 09:42:20', '2023-11-02 09:42:20'),
	(972, 487, 'sk', 'https://sipinter.maarifnu.or.id/verify/73fc31918b1d45dca9a84a0c958c7c33', 'SK Satuan Pendidikan BHPNU - MTS MA`ARIF WATES.pdf', '2023-11-02', '2023-11-02 09:42:20', '2023-11-02 09:42:20'),
	(973, 488, 'piagam', 'https://sipinter.maarifnu.or.id/verify/f099ab9bb57a4eb78192a066c84211ef', 'Piagam Nomor Registrasi Ma\'arif - MTSS MA`ARIF DARUSSHOLIHIN.pdf', '2023-11-02', '2023-11-02 09:42:21', '2023-11-02 09:42:21'),
	(974, 488, 'sk', 'https://sipinter.maarifnu.or.id/verify/6182d1d762a0432a9b4a8c1b6a0599ed', 'SK Satuan Pendidikan BHPNU - MTSS MA`ARIF DARUSSHOLIHIN.pdf', '2023-11-02', '2023-11-02 09:42:21', '2023-11-02 09:42:21'),
	(975, 489, 'piagam', 'https://sipinter.maarifnu.or.id/verify/203f0fa0ed164facb264a26e33f4f626', 'Piagam Nomor Registrasi Ma\'arif - SD NU GALUR.pdf', '2023-11-02', '2023-11-02 09:42:22', '2023-11-02 09:42:22'),
	(976, 489, 'sk', 'https://sipinter.maarifnu.or.id/verify/69a0f8b5cc0b4ec9a2d7619a81a99b8c', 'SK Satuan Pendidikan BHPNU - SD NU GALUR.pdf', '2023-11-02', '2023-11-02 09:42:22', '2023-11-02 09:42:22'),
	(977, 490, 'piagam', 'https://sipinter.maarifnu.or.id/verify/c778cb3d0cfd4a0ea2da4c53843afc54', 'Piagam Nomor Registrasi Ma\'arif - MI Wasathiyah.pdf', '2023-11-02', '2023-11-02 09:42:23', '2023-11-02 09:42:23'),
	(978, 490, 'sk', 'https://sipinter.maarifnu.or.id/verify/6de89b7303f943a0864ad9d98392669a', 'SK Satuan Pendidikan BHPNU - MI Wasathiyah.pdf', '2023-11-02', '2023-11-02 09:42:23', '2023-11-02 09:42:23'),
	(979, 491, 'piagam', 'https://sipinter.maarifnu.or.id/verify/90e26957bcd44dd0a420358533875744', 'Piagam Nomor Registrasi Ma\'arif - MI MA\'ARIF WARENG.pdf', '2023-11-02', '2023-11-02 09:42:24', '2023-11-02 09:42:24'),
	(980, 491, 'sk', 'https://sipinter.maarifnu.or.id/verify/e10cae9f82ca495b87ea6e830ea4e630', 'SK Satuan Pendidikan BHPNU - MI MA\'ARIF WARENG.pdf', '2023-11-02', '2023-11-02 09:42:24', '2023-11-02 09:42:24'),
	(981, 492, 'piagam', 'https://sipinter.maarifnu.or.id/verify/e5486fabad3f479a857e179de84ea32a', 'Piagam Nomor Registrasi Ma\'arif - MIS YAPPI NATAH.pdf', '2023-11-02', '2023-11-02 09:42:25', '2023-11-02 09:42:25'),
	(982, 492, 'sk', 'https://sipinter.maarifnu.or.id/verify/8c2d261bd0674a31975c40163d8eef1a', 'SK Satuan Pendidikan BHPNU - MIS YAPPI NATAH.pdf', '2023-11-02', '2023-11-02 09:42:25', '2023-11-02 09:42:25'),
	(983, 493, 'piagam', 'https://sipinter.maarifnu.or.id/verify/65122af6b2fe4df2a19e5398b214d3a3', 'Piagam Nomor Registrasi Ma\'arif - SMP PEMBANGUNAN SEMIN.pdf', '2023-11-02', '2023-11-02 09:42:26', '2023-11-02 09:42:26'),
	(984, 493, 'sk', 'https://sipinter.maarifnu.or.id/verify/31da57dbd62e41638d77aab9cbe29a07', 'SK Satuan Pendidikan BHPNU - SMP PEMBANGUNAN SEMIN.pdf', '2023-11-02', '2023-11-02 09:42:26', '2023-11-02 09:42:26'),
	(985, 494, 'piagam', 'https://sipinter.maarifnu.or.id/verify/6b2261215bbe4cf6aafba6b1b46a8b68', 'Piagam Nomor Registrasi Ma\'arif - SMP MAARIF GAMPING.pdf', '2023-11-02', '2023-11-02 09:42:27', '2023-11-02 09:42:27'),
	(986, 494, 'sk', 'https://sipinter.maarifnu.or.id/verify/11a69b9f2f9b4c1899604568cbd33280', 'SK Satuan Pendidikan BHPNU - SMP MAARIF GAMPING.pdf', '2023-11-02', '2023-11-02 09:42:27', '2023-11-02 09:42:27'),
	(987, 495, 'piagam', 'https://sipinter.maarifnu.or.id/verify/1a3a4c82206f4ef9ad50b9c1c380047e', 'Piagam Nomor Registrasi Ma\'arif - SMP SUNAN KALIJOGO.pdf', '2023-11-02', '2023-11-02 09:42:28', '2023-11-02 09:42:28'),
	(988, 495, 'sk', 'https://sipinter.maarifnu.or.id/verify/c7ac425853ea41bcb45eccb24e8aa384', 'SK Satuan Pendidikan BHPNU - SMP SUNAN KALIJOGO.pdf', '2023-11-02', '2023-11-02 09:42:28', '2023-11-02 09:42:28'),
	(989, 496, 'piagam', 'https://sipinter.maarifnu.or.id/verify/30e954d8bdb04f2c83e4242e4a238918', 'Piagam Nomor Registrasi Ma\'arif - MIS QURROTA A`YUN.pdf', '2023-11-02', '2023-11-02 09:42:30', '2023-11-02 09:42:30'),
	(990, 496, 'sk', 'https://sipinter.maarifnu.or.id/verify/2a350ff34d6c4dea936cd20ff6912414', 'SK Satuan Pendidikan BHPNU - MIS QURROTA A`YUN.pdf', '2023-11-02', '2023-11-02 09:42:30', '2023-11-02 09:42:30'),
	(991, 497, 'piagam', 'https://sipinter.maarifnu.or.id/verify/09ee5750fabd4399b5aa3a1900361167', 'Piagam Nomor Registrasi Ma\'arif - MIS MA`ARIF PANGUKAN.pdf', '2023-11-02', '2023-11-02 09:42:31', '2023-11-02 09:42:31'),
	(992, 497, 'sk', 'https://sipinter.maarifnu.or.id/verify/d14b4838eea745c28f06e14731963904', 'SK Satuan Pendidikan BHPNU - MIS MA`ARIF PANGUKAN.pdf', '2023-11-02', '2023-11-02 09:42:31', '2023-11-02 09:42:31'),
	(993, 498, 'piagam', 'https://sipinter.maarifnu.or.id/verify/bf2ef4881db841068356916f901d7f1a', 'Piagam Nomor Registrasi Ma\'arif - MIS MA`ARIF BEGO.pdf', '2023-11-02', '2023-11-02 09:42:32', '2023-11-02 09:42:32'),
	(994, 498, 'sk', 'https://sipinter.maarifnu.or.id/verify/cb7e93ef9cba41adadd75fe93389ea34', 'SK Satuan Pendidikan BHPNU - MIS MA`ARIF BEGO.pdf', '2023-11-02', '2023-11-02 09:42:32', '2023-11-02 09:42:32'),
	(995, 499, 'piagam', 'https://sipinter.maarifnu.or.id/verify/d2e82416d31d4e439f39d6f8f31d4860', 'Piagam Nomor Registrasi Ma\'arif - SMKS DIPONEGORO DEPOK.pdf', '2023-11-02', '2023-11-02 09:42:33', '2023-11-02 09:42:33'),
	(996, 499, 'sk', 'https://sipinter.maarifnu.or.id/verify/6d58127f76f4498693bf9481a97001cd', 'SK Satuan Pendidikan BHPNU - SMKS DIPONEGORO DEPOK.pdf', '2023-11-02', '2023-11-02 09:42:33', '2023-11-02 09:42:33'),
	(997, 500, 'piagam', 'https://sipinter.maarifnu.or.id/verify/a35d7296d8d543ac8894c91a0628ac9f', 'Piagam Nomor Registrasi Ma\'arif - SMP SULTAN AGUNG SEYEGAN.pdf', '2023-11-02', '2023-11-02 09:42:34', '2023-11-02 09:42:34'),
	(998, 500, 'sk', 'https://sipinter.maarifnu.or.id/verify/ac5803423a404bb8811b305cf12d53c1', 'SK Satuan Pendidikan BHPNU - SMP SULTAN AGUNG SEYEGAN.pdf', '2023-11-02', '2023-11-02 09:42:34', '2023-11-02 09:42:34'),
	(999, 501, 'piagam', 'https://sipinter.maarifnu.or.id/verify/71b7278a2d9b4652ad04108acd430ed2', 'Piagam Nomor Registrasi Ma\'arif - SMKS MAARIF 1 SLEMAN.pdf', '2023-11-02', '2023-11-02 09:42:36', '2023-11-02 09:42:36'),
	(1000, 501, 'sk', 'https://sipinter.maarifnu.or.id/verify/af55a331e3714c80a03d8c415853b49b', 'SK Satuan Pendidikan BHPNU - SMKS MAARIF 1 SLEMAN.pdf', '2023-11-02', '2023-11-02 09:42:36', '2023-11-02 09:42:36'),
	(1001, 502, 'piagam', 'https://sipinter.maarifnu.or.id/verify/b68f551e5b2c4249a308776a9448a414', 'Piagam Nomor Registrasi Ma\'arif - SLB BHAKTI PERTIWI.pdf', '2023-11-02', '2023-11-02 09:42:37', '2023-11-02 09:42:37'),
	(1002, 502, 'sk', 'https://sipinter.maarifnu.or.id/verify/28ff8c7225f94f408d51fe961a80146a', 'SK Satuan Pendidikan BHPNU - SLB BHAKTI PERTIWI.pdf', '2023-11-02', '2023-11-02 09:42:37', '2023-11-02 09:42:37'),
	(1003, 503, 'piagam', 'https://sipinter.maarifnu.or.id/verify/995592d3e86746c3ba9d4b21b250d0c1', 'Piagam Nomor Registrasi Ma\'arif - SMP DIPONEGORO DEPOK.pdf', '2023-11-02', '2023-11-02 09:42:38', '2023-11-02 09:42:38'),
	(1004, 503, 'sk', 'https://sipinter.maarifnu.or.id/verify/0348fd51fb1d4b768fe38cdfd8917766', 'SK Satuan Pendidikan BHPNU - SMP DIPONEGORO DEPOK.pdf', '2023-11-02', '2023-11-02 09:42:38', '2023-11-02 09:42:38'),
	(1005, 504, 'piagam', 'https://sipinter.maarifnu.or.id/verify/368143d805934554bcdac6564f129b65', 'Piagam Nomor Registrasi Ma\'arif - SMAS SUNAN KALIJOGO.pdf', '2023-11-02', '2023-11-02 09:42:39', '2023-11-02 09:42:39'),
	(1006, 504, 'sk', 'https://sipinter.maarifnu.or.id/verify/5d527fb644eb46be9ff10e63b37f5b61', 'SK Satuan Pendidikan BHPNU - SMAS SUNAN KALIJOGO.pdf', '2023-11-02', '2023-11-02 09:42:39', '2023-11-02 09:42:39'),
	(1007, 505, 'piagam', 'https://sipinter.maarifnu.or.id/verify/6d00f7e11b9d441592207f91f6b595a5', 'Piagam Nomor Registrasi Ma\'arif - MIS MA`ARIF BLENDANGAN.pdf', '2023-11-02', '2023-11-02 09:42:40', '2023-11-02 09:42:40'),
	(1008, 505, 'sk', 'https://sipinter.maarifnu.or.id/verify/aee4ab5b63eb4ac7877272ea80c1e3f5', 'SK Satuan Pendidikan BHPNU - MIS MA`ARIF BLENDANGAN.pdf', '2023-11-02', '2023-11-02 09:42:40', '2023-11-02 09:42:40'),
	(1009, 506, 'piagam', 'https://sipinter.maarifnu.or.id/verify/beaee3ca4b044a2e8f10853495ae537c', 'Piagam Nomor Registrasi Ma\'arif - SD NU SLEMAN YOGYAKARTA.pdf', '2023-11-02', '2023-11-02 09:42:41', '2023-11-02 09:42:41'),
	(1010, 506, 'sk', 'https://sipinter.maarifnu.or.id/verify/91debfd0036942e682505cfd191c46b3', 'SK Satuan Pendidikan BHPNU - SD NU SLEMAN YOGYAKARTA.pdf', '2023-11-02', '2023-11-02 09:42:41', '2023-11-02 09:42:41'),
	(1011, 507, 'piagam', 'https://sipinter.maarifnu.or.id/verify/82b37b4ace274b4498dff73982ad0434', 'Piagam Nomor Registrasi Ma\'arif - MIS MA`ARIF CANDRAN.pdf', '2023-11-02', '2023-11-02 09:42:42', '2023-11-02 09:42:42'),
	(1012, 507, 'sk', 'https://sipinter.maarifnu.or.id/verify/9cf96cf47d614d3884b36db76bc28256', 'SK Satuan Pendidikan BHPNU - MIS MA`ARIF CANDRAN.pdf', '2023-11-02', '2023-11-02 09:42:42', '2023-11-02 09:42:42'),
	(1013, 508, 'piagam', 'https://sipinter.maarifnu.or.id/verify/82543ec0ae1144e7af1eb10238e1b65e', 'Piagam Nomor Registrasi Ma\'arif - MIS MA`ARIF GERJEN.pdf', '2023-11-02', '2023-11-02 09:42:43', '2023-11-02 09:42:43'),
	(1014, 508, 'sk', 'https://sipinter.maarifnu.or.id/verify/b8e150a87a454cc98e97f9806c6a05c3', 'SK Satuan Pendidikan BHPNU - MIS MA`ARIF GERJEN.pdf', '2023-11-02', '2023-11-02 09:42:43', '2023-11-02 09:42:43'),
	(1015, 509, 'piagam', 'https://sipinter.maarifnu.or.id/verify/f4707037f80d4a43a9bdc940f79ee716', 'Piagam Nomor Registrasi Ma\'arif - MIS AL ISLAM.pdf', '2023-11-02', '2023-11-02 09:42:45', '2023-11-02 09:42:45'),
	(1016, 509, 'sk', 'https://sipinter.maarifnu.or.id/verify/15de5eefe8bc4966a76f3c01c9921e6c', 'SK Satuan Pendidikan BHPNU - MIS AL ISLAM.pdf', '2023-11-02', '2023-11-02 09:42:45', '2023-11-02 09:42:45'),
	(1017, 510, 'piagam', 'https://sipinter.maarifnu.or.id/verify/54854f871a2848a78821a4f458eb6a41', 'Piagam Nomor Registrasi Ma\'arif - MIS NURUL HUDA.pdf', '2023-11-02', '2023-11-02 09:42:46', '2023-11-02 09:42:46'),
	(1018, 510, 'sk', 'https://sipinter.maarifnu.or.id/verify/2c9f8164b0a9481d8d2d4224069d768b', 'SK Satuan Pendidikan BHPNU - MIS NURUL HUDA.pdf', '2023-11-02', '2023-11-02 09:42:46', '2023-11-02 09:42:46'),
	(1019, 511, 'piagam', 'https://sipinter.maarifnu.or.id/verify/ce39e8fbdd7a4030aab6dcd70261c7c9', 'Piagam Nomor Registrasi Ma\'arif - MIS NU MARGOKATON.pdf', '2023-11-02', '2023-11-02 09:42:48', '2023-11-02 09:42:48'),
	(1020, 511, 'sk', 'https://sipinter.maarifnu.or.id/verify/9bfd3f7aebe348609e00453bd7d26b50', 'SK Satuan Pendidikan BHPNU - MIS NU MARGOKATON.pdf', '2023-11-02', '2023-11-02 09:42:48', '2023-11-02 09:42:48'),
	(1021, 512, 'piagam', 'https://sipinter.maarifnu.or.id/verify/f4cd86a5d5724f58b165f97d2ef9f87d', 'Piagam Nomor Registrasi Ma\'arif - MIS MA`ARIF GIRILOYO 1.pdf', '2023-11-02', '2023-11-02 09:42:49', '2023-11-02 09:42:49'),
	(1022, 512, 'sk', 'https://sipinter.maarifnu.or.id/verify/2d244e647bc14cb6b6f4bb77104c24b2', 'SK Satuan Pendidikan BHPNU - MIS MA`ARIF GIRILOYO 1.pdf', '2023-11-02', '2023-11-02 09:42:49', '2023-11-02 09:42:49'),
	(1023, 513, 'piagam', 'https://sipinter.maarifnu.or.id/verify/996edecf86674362bc2d70cfb62e01b9', 'Piagam Nomor Registrasi Ma\'arif - MIS MA`ARIF SAMBENG.pdf', '2023-11-02', '2023-11-02 09:42:50', '2023-11-02 09:42:50'),
	(1024, 513, 'sk', 'https://sipinter.maarifnu.or.id/verify/6d7521f9c85d4503866cadbfbf979734', 'SK Satuan Pendidikan BHPNU - MIS MA`ARIF SAMBENG.pdf', '2023-11-02', '2023-11-02 09:42:50', '2023-11-02 09:42:50'),
	(1025, 514, 'piagam', 'https://sipinter.maarifnu.or.id/verify/a290bab2c8024bce8905734798fc7182', 'Piagam Nomor Registrasi Ma\'arif - SMAS MAARIF 1 SLEMAN.pdf', '2023-11-02', '2023-11-02 09:55:22', '2023-11-02 09:55:22'),
	(1026, 514, 'sk', 'https://sipinter.maarifnu.or.id/verify/762927436b8b4140b6cfe4a423d57d47', 'SK Satuan Pendidikan BHPNU - SMAS MAARIF 1 SLEMAN.pdf', '2023-11-02', '2023-11-02 09:55:22', '2023-11-02 09:55:22'),
	(1027, 515, 'piagam', 'https://sipinter.maarifnu.or.id/verify/a5a36e68702f4c7986972418255bacb4', 'Piagam Nomor Registrasi Ma\'arif - SMKS MAARIF 2 SLEMAN.pdf', '2023-11-02', '2023-11-02 09:55:23', '2023-11-02 09:55:23'),
	(1028, 515, 'sk', 'https://sipinter.maarifnu.or.id/verify/473e3930ab584ca3b127373e2f183676', 'SK Satuan Pendidikan BHPNU - SMKS MAARIF 2 SLEMAN.pdf', '2023-11-02', '2023-11-02 09:55:23', '2023-11-02 09:55:23'),
	(1029, 516, 'piagam', 'https://sipinter.maarifnu.or.id/verify/da4aeddc77ce4505adcfc5b151ed8370', 'Piagam Nomor Registrasi Ma\'arif - MAS RADEN FATAH.pdf', '2023-11-02', '2023-11-02 09:55:24', '2023-11-02 09:55:24'),
	(1030, 516, 'sk', 'https://sipinter.maarifnu.or.id/verify/bb064067b498400cb75837bc248403e0', 'SK Satuan Pendidikan BHPNU - MAS RADEN FATAH.pdf', '2023-11-02', '2023-11-02 09:55:24', '2023-11-02 09:55:24'),
	(1031, 517, 'piagam', 'https://sipinter.maarifnu.or.id/verify/d31832b3a2f44fc3a419e45f1050dc27', 'Piagam Nomor Registrasi Ma\'arif - MIS AL ISLAMIYAH GANDEKAN.pdf', '2023-11-02', '2023-11-02 09:55:27', '2023-11-02 09:55:27'),
	(1032, 517, 'sk', 'https://sipinter.maarifnu.or.id/verify/91db6834a6084114861abb3487acfb85', 'SK Satuan Pendidikan BHPNU - MIS AL ISLAMIYAH GANDEKAN.pdf', '2023-11-02', '2023-11-02 09:55:27', '2023-11-02 09:55:27'),
	(1033, 518, 'piagam', 'https://sipinter.maarifnu.or.id/verify/b57c3f52cec7445bab997b8f404f37b4', 'Piagam Nomor Registrasi Ma\'arif - MIS DARUL MA`ARIF SERUT.pdf', '2023-11-02', '2023-11-02 09:55:28', '2023-11-02 09:55:28'),
	(1034, 518, 'sk', 'https://sipinter.maarifnu.or.id/verify/e172b9d43ce54bc9915dddecf94dfba7', 'SK Satuan Pendidikan BHPNU - MIS DARUL MA`ARIF SERUT.pdf', '2023-11-02', '2023-11-02 09:55:28', '2023-11-02 09:55:28'),
	(1035, 519, 'piagam', 'https://sipinter.maarifnu.or.id/verify/1d225818e1c449b2aa0b3754aec45666', 'Piagam Nomor Registrasi Ma\'arif - MIS MA`ARIF DIPONEGORO.pdf', '2023-11-02', '2023-11-02 09:55:29', '2023-11-02 09:55:29'),
	(1036, 519, 'sk', 'https://sipinter.maarifnu.or.id/verify/7e24397528de4e54b8e464b5f8910abc', 'SK Satuan Pendidikan BHPNU - MIS MA`ARIF DIPONEGORO.pdf', '2023-11-02', '2023-11-02 09:55:29', '2023-11-02 09:55:29'),
	(1037, 520, 'piagam', 'https://sipinter.maarifnu.or.id/verify/d1051acf2c274b3faaec325f75e7447a', 'Piagam Nomor Registrasi Ma\'arif - MIS AL-KHOIRIYAH.pdf', '2023-11-02', '2023-11-02 09:55:30', '2023-11-02 09:55:30'),
	(1038, 520, 'sk', 'https://sipinter.maarifnu.or.id/verify/a12d44cf179f462f930e1facd753a37c', 'SK Satuan Pendidikan BHPNU - MIS AL-KHOIRIYAH.pdf', '2023-11-02', '2023-11-02 09:55:30', '2023-11-02 09:55:30'),
	(1039, 521, 'piagam', 'https://sipinter.maarifnu.or.id/verify/266b22fcca7c4dbba55c2be1082709ae', 'Piagam Nomor Registrasi Ma\'arif - MIS AL HUDA KEBOSUNGU.pdf', '2023-11-02', '2023-11-02 09:55:32', '2023-11-02 09:55:32'),
	(1040, 521, 'sk', 'https://sipinter.maarifnu.or.id/verify/460dc621111b43f39efbebf97c943c34', 'SK Satuan Pendidikan BHPNU - MIS AL HUDA KEBOSUNGU.pdf', '2023-11-02', '2023-11-02 09:55:32', '2023-11-02 09:55:32'),
	(1041, 522, 'piagam', 'https://sipinter.maarifnu.or.id/verify/d96c9632fe31428bb8d8e926369ef10f', 'Piagam Nomor Registrasi Ma\'arif - MIS MA`ARIF KEDIWUNG.pdf', '2023-11-02', '2023-11-02 09:55:33', '2023-11-02 09:55:33'),
	(1042, 522, 'sk', 'https://sipinter.maarifnu.or.id/verify/d3181789cdf24635b5e8c96e19a11011', 'SK Satuan Pendidikan BHPNU - MIS MA`ARIF KEDIWUNG.pdf', '2023-11-02', '2023-11-02 09:55:33', '2023-11-02 09:55:33'),
	(1043, 523, 'piagam', 'https://sipinter.maarifnu.or.id/verify/02d4d6866ff94d208e70d76c3ec68a59', 'Piagam Nomor Registrasi Ma\'arif - MIS MA`ARIF GIRILOYO 2.pdf', '2023-11-02', '2023-11-02 09:55:36', '2023-11-02 09:55:36'),
	(1044, 523, 'sk', 'https://sipinter.maarifnu.or.id/verify/abb58c5ec9f543a8aeba6d7c80d6f443', 'SK Satuan Pendidikan BHPNU - MIS MA`ARIF GIRILOYO 2.pdf', '2023-11-02', '2023-11-02 09:55:36', '2023-11-02 09:55:36'),
	(1045, 524, 'piagam', 'https://sipinter.maarifnu.or.id/verify/83d16e629f89418bbd9c6861a9e357bb', 'Piagam Nomor Registrasi Ma\'arif - MIS AL-ANWAR.pdf', '2023-11-02', '2023-11-02 09:55:37', '2023-11-02 09:55:37'),
	(1046, 524, 'sk', 'https://sipinter.maarifnu.or.id/verify/1c9549b0787449179420f017f79826c9', 'SK Satuan Pendidikan BHPNU - MIS AL-ANWAR.pdf', '2023-11-02', '2023-11-02 09:55:37', '2023-11-02 09:55:37'),
	(1047, 525, 'piagam', 'https://sipinter.maarifnu.or.id/verify/0a991b049991452ba51be69877c53f1a', 'Piagam Nomor Registrasi Ma\'arif - MIS MAULANA MAGHRIBI.pdf', '2023-11-02', '2023-11-02 09:55:38', '2023-11-02 09:55:38'),
	(1048, 525, 'sk', 'https://sipinter.maarifnu.or.id/verify/f645d07588604e27a9df6152fc14b029', 'SK Satuan Pendidikan BHPNU - MIS MAULANA MAGHRIBI.pdf', '2023-11-02', '2023-11-02 09:55:38', '2023-11-02 09:55:38'),
	(1049, 526, 'piagam', 'https://sipinter.maarifnu.or.id/verify/d5205e2322f74ebbb4263060d99be3ff', 'Piagam Nomor Registrasi Ma\'arif - MIS MIFTAHUL ULUM.pdf', '2023-11-02', '2023-11-02 09:55:39', '2023-11-02 09:55:39'),
	(1050, 526, 'sk', 'https://sipinter.maarifnu.or.id/verify/8e557362a7dd4e8c8396606cd8a34e81', 'SK Satuan Pendidikan BHPNU - MIS MIFTAHUL ULUM.pdf', '2023-11-02', '2023-11-02 09:55:39', '2023-11-02 09:55:39'),
	(1051, 527, 'piagam', 'https://sipinter.maarifnu.or.id/verify/a9a3afb3eb2c407a88fa3e4268e95d66', 'Piagam Nomor Registrasi Ma\'arif - SMP PEMBANGUNAN PIYUNGAN.pdf', '2023-11-02', '2023-11-02 09:55:41', '2023-11-02 09:55:41'),
	(1052, 527, 'sk', 'https://sipinter.maarifnu.or.id/verify/760fb511d2874fcf94b2b9eec04bf9fb', 'SK Satuan Pendidikan BHPNU - SMP PEMBANGUNAN PIYUNGAN.pdf', '2023-11-02', '2023-11-02 09:55:41', '2023-11-02 09:55:41'),
	(1053, 528, 'piagam', 'https://sipinter.maarifnu.or.id/verify/310c53309a1f410282e434d5952c03f3', 'Piagam Nomor Registrasi Ma\'arif - SMP MA ARIF IMOGIRI.pdf', '2023-11-02', '2023-11-02 09:55:43', '2023-11-02 09:55:43'),
	(1054, 528, 'sk', 'https://sipinter.maarifnu.or.id/verify/cf48115137f246c1bb1acb0cea572cbc', 'SK Satuan Pendidikan BHPNU - SMP MA ARIF IMOGIRI.pdf', '2023-11-02', '2023-11-02 09:55:43', '2023-11-02 09:55:43'),
	(1055, 529, 'piagam', 'https://sipinter.maarifnu.or.id/verify/f0a284307ec34fe4b104b83b9afb3d9f', 'Piagam Nomor Registrasi Ma\'arif - SMK PEMBANGUNAN DLINGO.pdf', '2023-11-02', '2023-11-02 09:55:44', '2023-11-02 09:55:44'),
	(1056, 529, 'sk', 'https://sipinter.maarifnu.or.id/verify/2c67cc70cb964fe0b51fc9a21e5d8be3', 'SK Satuan Pendidikan BHPNU - SMK PEMBANGUNAN DLINGO.pdf', '2023-11-02', '2023-11-02 09:55:44', '2023-11-02 09:55:44'),
	(1057, 530, 'piagam', 'https://sipinter.maarifnu.or.id/verify/e948478d11104a138eda1516bfb778a5', 'Piagam Nomor Registrasi Ma\'arif - SMK MAARIF 1 KRETEK.pdf', '2023-11-02', '2023-11-02 09:55:45', '2023-11-02 09:55:45'),
	(1058, 530, 'sk', 'https://sipinter.maarifnu.or.id/verify/616293bdfb4d49a4b3fb8851cb4a281f', 'SK Satuan Pendidikan BHPNU - SMK MAARIF 1 KRETEK.pdf', '2023-11-02', '2023-11-02 09:55:45', '2023-11-02 09:55:45'),
	(1059, 531, 'piagam', 'https://sipinter.maarifnu.or.id/verify/64ed9a7b0f2b42eb8440e9ebdb2b0154', 'Piagam Nomor Registrasi Ma\'arif - SMK MAARIF 1 PIYUNGAN.pdf', '2023-11-02', '2023-11-02 09:55:46', '2023-11-02 09:55:46'),
	(1060, 531, 'sk', 'https://sipinter.maarifnu.or.id/verify/490b247d6d5240e6ab19d4277e1b1489', 'SK Satuan Pendidikan BHPNU - SMK MAARIF 1 PIYUNGAN.pdf', '2023-11-02', '2023-11-02 09:55:46', '2023-11-02 09:55:46'),
	(1061, 532, 'piagam', 'https://sipinter.maarifnu.or.id/verify/7f8c9456b30a415d8a3668c70fc64d36', 'Piagam Nomor Registrasi Ma\'arif - SMKS MAARIF 2 PIYUNGAN.pdf', '2023-11-02', '2023-11-02 09:55:47', '2023-11-02 09:55:47'),
	(1062, 532, 'sk', 'https://sipinter.maarifnu.or.id/verify/0d26f7bf7edd4f9894e3a775fd143ef9', 'SK Satuan Pendidikan BHPNU - SMKS MAARIF 2 PIYUNGAN.pdf', '2023-11-02', '2023-11-02 09:55:47', '2023-11-02 09:55:47'),
	(1063, 533, 'piagam', 'https://sipinter.maarifnu.or.id/verify/f48a986212d848be8ced828df8af3a38', 'Piagam Nomor Registrasi Ma\'arif - SLB MA ARIF BANTUL.pdf', '2023-11-02', '2023-11-02 09:55:49', '2023-11-02 09:55:49'),
	(1064, 533, 'sk', 'https://sipinter.maarifnu.or.id/verify/a2528c4c692245cfb6c36148785b74f1', 'SK Satuan Pendidikan BHPNU - SLB MA ARIF BANTUL.pdf', '2023-11-02', '2023-11-02 09:55:49', '2023-11-02 09:55:49'),
	(1065, 534, 'piagam', 'https://sipinter.maarifnu.or.id/verify/e17ad7707db14aea83115e2aed157bf1', 'Piagam Nomor Registrasi Ma\'arif - MIS YAPPI PURWO.pdf', '2023-11-02', '2023-11-02 09:55:50', '2023-11-02 09:55:50'),
	(1066, 534, 'sk', 'https://sipinter.maarifnu.or.id/verify/9e966ce45ae5494e8846de55cd5458f9', 'SK Satuan Pendidikan BHPNU - MIS YAPPI PURWO.pdf', '2023-11-02', '2023-11-02 09:55:50', '2023-11-02 09:55:50'),
	(1067, 535, 'piagam', 'https://sipinter.maarifnu.or.id/verify/c560375470c04d919439ff83a03f339e', 'Piagam Nomor Registrasi Ma\'arif - MIS YAPPI BATUSARI.pdf', '2023-11-02', '2023-11-02 09:55:51', '2023-11-02 09:55:51'),
	(1068, 535, 'sk', 'https://sipinter.maarifnu.or.id/verify/b1c857942a12407da252017d4a9d53f0', 'SK Satuan Pendidikan BHPNU - MIS YAPPI BATUSARI.pdf', '2023-11-02', '2023-11-02 09:55:51', '2023-11-02 09:55:51'),
	(1069, 536, 'piagam', 'https://sipinter.maarifnu.or.id/verify/29a3786e30c342c7aff2d1553764a44d', 'Piagam Nomor Registrasi Ma\'arif - MIS YAPPI DOGA.pdf', '2023-11-02', '2023-11-02 09:55:52', '2023-11-02 09:55:52'),
	(1070, 536, 'sk', 'https://sipinter.maarifnu.or.id/verify/855ee53404214d5298b962d9abc58623', 'SK Satuan Pendidikan BHPNU - MIS YAPPI DOGA.pdf', '2023-11-02', '2023-11-02 09:55:52', '2023-11-02 09:55:52'),
	(1071, 537, 'piagam', 'https://sipinter.maarifnu.or.id/verify/623a9d06d84f414cb4c27c5a9960b057', 'Piagam Nomor Registrasi Ma\'arif - MIS YAPPI RINGINTUMPANG.pdf', '2023-11-02', '2023-11-02 09:55:53', '2023-11-02 09:55:53'),
	(1072, 537, 'sk', 'https://sipinter.maarifnu.or.id/verify/5e27a7473dce4180b6ec9781f9b563b6', 'SK Satuan Pendidikan BHPNU - MIS YAPPI RINGINTUMPANG.pdf', '2023-11-02', '2023-11-02 09:55:53', '2023-11-02 09:55:53'),
	(1073, 538, 'piagam', 'https://sipinter.maarifnu.or.id/verify/edde885289f148158592f8185cbd1796', 'Piagam Nomor Registrasi Ma\'arif - MIS YAPPI NGLERI.pdf', '2023-11-02', '2023-11-02 09:55:55', '2023-11-02 09:55:55'),
	(1074, 538, 'sk', 'https://sipinter.maarifnu.or.id/verify/9f34d27a5cab47ee99553c73462a4b43', 'SK Satuan Pendidikan BHPNU - MIS YAPPI NGLERI.pdf', '2023-11-02', '2023-11-02 09:55:55', '2023-11-02 09:55:55'),
	(1075, 539, 'piagam', 'https://sipinter.maarifnu.or.id/verify/a2a383ea7b6644fcacc6f935dad009ec', 'Piagam Nomor Registrasi Ma\'arif - MIS YAPPI NGRANCANG.pdf', '2023-11-02', '2023-11-02 09:55:56', '2023-11-02 09:55:56'),
	(1076, 539, 'sk', 'https://sipinter.maarifnu.or.id/verify/81560c7b73ed41c982c9fe70942fb899', 'SK Satuan Pendidikan BHPNU - MIS YAPPI NGRANCANG.pdf', '2023-11-02', '2023-11-02 09:55:56', '2023-11-02 09:55:56'),
	(1077, 540, 'piagam', 'https://sipinter.maarifnu.or.id/verify/44781a2299ab405a8c7f49b4ec3858a9', 'Piagam Nomor Registrasi Ma\'arif - MIS YAPPI PUTAT.pdf', '2023-11-02', '2023-11-02 09:55:57', '2023-11-02 09:55:57'),
	(1078, 540, 'sk', 'https://sipinter.maarifnu.or.id/verify/f76eac6d277f4bea97ac1bcf6dde3743', 'SK Satuan Pendidikan BHPNU - MIS YAPPI PUTAT.pdf', '2023-11-02', '2023-11-02 09:55:57', '2023-11-02 09:55:57'),
	(1079, 541, 'piagam', 'https://sipinter.maarifnu.or.id/verify/73865902863d40669dd9b2f6f68c324d', 'Piagam Nomor Registrasi Ma\'arif - MIS YAPPI WIYOKO.pdf', '2023-11-02', '2023-11-02 09:55:58', '2023-11-02 09:55:58'),
	(1080, 541, 'sk', 'https://sipinter.maarifnu.or.id/verify/f552f752e63a4d419fbfff598d5e0941', 'SK Satuan Pendidikan BHPNU - MIS YAPPI WIYOKO.pdf', '2023-11-02', '2023-11-02 09:55:58', '2023-11-02 09:55:58'),
	(1081, 542, 'piagam', 'https://sipinter.maarifnu.or.id/verify/77fac9e84cf641fca05e66269ac30876', 'Piagam Nomor Registrasi Ma\'arif - MIS YAPPI TANJUNG GETAS.pdf', '2023-11-02', '2023-11-02 09:55:59', '2023-11-02 09:55:59'),
	(1082, 542, 'sk', 'https://sipinter.maarifnu.or.id/verify/e62801b2054b43db940f3ac8f31a6e75', 'SK Satuan Pendidikan BHPNU - MIS YAPPI TANJUNG GETAS.pdf', '2023-11-02', '2023-11-02 09:55:59', '2023-11-02 09:55:59'),
	(1083, 543, 'piagam', 'https://sipinter.maarifnu.or.id/verify/69a948d8acb443b9b93c6e6d6f5dd482', 'Piagam Nomor Registrasi Ma\'arif - MIS YAPPI KEDUNGWANGLU.pdf', '2023-11-02', '2023-11-02 09:56:01', '2023-11-02 09:56:01'),
	(1084, 543, 'sk', 'https://sipinter.maarifnu.or.id/verify/5e75f05d72e5468095576da86503b460', 'SK Satuan Pendidikan BHPNU - MIS YAPPI KEDUNGWANGLU.pdf', '2023-11-02', '2023-11-02 09:56:01', '2023-11-02 09:56:01'),
	(1085, 544, 'piagam', 'https://sipinter.maarifnu.or.id/verify/b1f5b934f3f54e8fbf5a20cd86a1ca4f', 'Piagam Nomor Registrasi Ma\'arif - MIS YAPPI NGUNUT.pdf', '2023-11-02', '2023-11-02 09:56:02', '2023-11-02 09:56:02'),
	(1086, 544, 'sk', 'https://sipinter.maarifnu.or.id/verify/5ab747ee17354f83864da0ebf87fba72', 'SK Satuan Pendidikan BHPNU - MIS YAPPI NGUNUT.pdf', '2023-11-02', '2023-11-02 09:56:02', '2023-11-02 09:56:02'),
	(1087, 545, 'piagam', 'https://sipinter.maarifnu.or.id/verify/ec125f254de54a3099bac582d253435a', 'Piagam Nomor Registrasi Ma\'arif - MIS YAPPI BALEHARJO.pdf', '2023-11-02', '2023-11-02 09:56:03', '2023-11-02 09:56:03'),
	(1088, 545, 'sk', 'https://sipinter.maarifnu.or.id/verify/b2452c4df6a74050a85e921dd784d8e9', 'SK Satuan Pendidikan BHPNU - MIS YAPPI BALEHARJO.pdf', '2023-11-02', '2023-11-02 09:56:03', '2023-11-02 09:56:03'),
	(1089, 546, 'piagam', 'https://sipinter.maarifnu.or.id/verify/fdb952cf7653458cb586233e706aa077', 'Piagam Nomor Registrasi Ma\'arif - MIS YAPPI REJOSARI.pdf', '2023-11-02', '2023-11-02 09:56:05', '2023-11-02 09:56:05'),
	(1090, 546, 'sk', 'https://sipinter.maarifnu.or.id/verify/725871a922f24e48a37e1f96d614089c', 'SK Satuan Pendidikan BHPNU - MIS YAPPI REJOSARI.pdf', '2023-11-02', '2023-11-02 09:56:05', '2023-11-02 09:56:05'),
	(1091, 547, 'piagam', 'https://sipinter.maarifnu.or.id/verify/d7b52226b995413ca1ccc78bcc73ab48', 'Piagam Nomor Registrasi Ma\'arif - MTSS YAPPI SUMBERJO.pdf', '2023-11-02', '2023-11-02 09:56:07', '2023-11-02 09:56:07'),
	(1092, 547, 'sk', 'https://sipinter.maarifnu.or.id/verify/2cad7db6abd449cd9fae6b316d693890', 'SK Satuan Pendidikan BHPNU - MTSS YAPPI SUMBERJO.pdf', '2023-11-02', '2023-11-02 09:56:07', '2023-11-02 09:56:07'),
	(1093, 548, 'piagam', 'https://sipinter.maarifnu.or.id/verify/7fe1dba390bd49a59617822dac8a89ed', 'Piagam Nomor Registrasi Ma\'arif - MTSS JAM`UL MU`AWANAH YAPPI NGEMBES.pdf', '2023-11-02', '2023-11-02 09:56:09', '2023-11-02 09:56:09'),
	(1094, 548, 'sk', 'https://sipinter.maarifnu.or.id/verify/426231ac78b24c03a298626c7fdebd5d', 'SK Satuan Pendidikan BHPNU - MTSS JAM`UL MU`AWANAH YAPPI NGEMBES.pdf', '2023-11-02', '2023-11-02 09:56:09', '2023-11-02 09:56:09'),
	(1095, 549, 'piagam', 'https://sipinter.maarifnu.or.id/verify/56bb4b1746f14f22bdcd989591b7dd68', 'Piagam Nomor Registrasi Ma\'arif - SMP PEMBANGUNAN KARANGMOJO.pdf', '2023-11-02', '2023-11-02 09:56:10', '2023-11-02 09:56:10'),
	(1096, 549, 'sk', 'https://sipinter.maarifnu.or.id/verify/546a2c928ad6466aa91fb90d0c0c2335', 'SK Satuan Pendidikan BHPNU - SMP PEMBANGUNAN KARANGMOJO.pdf', '2023-11-02', '2023-11-02 09:56:10', '2023-11-02 09:56:10'),
	(1097, 550, 'piagam', 'https://sipinter.maarifnu.or.id/verify/ec446dfadf2e49b8a5a2dc830618aa44', 'Piagam Nomor Registrasi Ma\'arif - SMP PERSIAPAN SEMANU.pdf', '2023-11-02', '2023-11-02 09:56:11', '2023-11-02 09:56:11'),
	(1098, 550, 'sk', 'https://sipinter.maarifnu.or.id/verify/b72e385ba6f44580a6da89e12bcc0f7a', 'SK Satuan Pendidikan BHPNU - SMP PERSIAPAN SEMANU.pdf', '2023-11-02', '2023-11-02 09:56:11', '2023-11-02 09:56:11'),
	(1099, 551, 'piagam', 'https://sipinter.maarifnu.or.id/verify/08086868823f4969bcfc162260db842e', 'Piagam Nomor Registrasi Ma\'arif - MTSS YAPPI KENTENG.pdf', '2023-11-02', '2023-11-02 09:56:12', '2023-11-02 09:56:12'),
	(1100, 551, 'sk', 'https://sipinter.maarifnu.or.id/verify/14b8b48a6db24275b0fc4ccf04ec7ae5', 'SK Satuan Pendidikan BHPNU - MTSS YAPPI KENTENG.pdf', '2023-11-02', '2023-11-02 09:56:12', '2023-11-02 09:56:12'),
	(1101, 552, 'piagam', 'https://sipinter.maarifnu.or.id/verify/e1c0a25ca5f347f89b07d5b57d249413', 'Piagam Nomor Registrasi Ma\'arif - MTSS YAPPI JETIS SAPTOSARI.pdf', '2023-11-02', '2023-11-02 09:56:14', '2023-11-02 09:56:14'),
	(1102, 552, 'sk', 'https://sipinter.maarifnu.or.id/verify/5573e062c53b4f56b02a81289adf7431', 'SK Satuan Pendidikan BHPNU - MTSS YAPPI JETIS SAPTOSARI.pdf', '2023-11-02', '2023-11-02 09:56:14', '2023-11-02 09:56:14'),
	(1103, 553, 'piagam', 'https://sipinter.maarifnu.or.id/verify/1234f00ac17f41d19ee900fc6e9014cc', 'Piagam Nomor Registrasi Ma\'arif - SMK YAPPI WONOSARI.pdf', '2023-11-02', '2023-11-02 09:56:15', '2023-11-02 09:56:15'),
	(1104, 553, 'sk', 'https://sipinter.maarifnu.or.id/verify/a6200ec8edce4bbca3d9f689bd0fe8df', 'SK Satuan Pendidikan BHPNU - SMK YAPPI WONOSARI.pdf', '2023-11-02', '2023-11-02 09:56:15', '2023-11-02 09:56:15'),
	(1105, 554, 'piagam', 'https://sipinter.maarifnu.or.id/verify/5d90d597ba6444608f3eb35fa0b95ced', 'Piagam Nomor Registrasi Ma\'arif - SMK MAARIF WONOSARI.pdf', '2023-11-02', '2023-11-02 09:56:16', '2023-11-02 09:56:16'),
	(1106, 554, 'sk', 'https://sipinter.maarifnu.or.id/verify/60580276fa2249769b5f4a8ad39531ee', 'SK Satuan Pendidikan BHPNU - SMK MAARIF WONOSARI.pdf', '2023-11-02', '2023-11-02 09:56:16', '2023-11-02 09:56:16'),
	(1107, 555, 'piagam', 'https://sipinter.maarifnu.or.id/verify/c4c572cdde6a4a8c95fadece84dbd3a0', 'Piagam Nomor Registrasi Ma\'arif - SMK MAARIF SEMANU.pdf', '2023-11-02', '2023-11-02 09:56:17', '2023-11-02 09:56:17'),
	(1108, 555, 'sk', 'https://sipinter.maarifnu.or.id/verify/ef2ef820ecce4871bdd5aab5b784bbc3', 'SK Satuan Pendidikan BHPNU - SMK MAARIF SEMANU.pdf', '2023-11-02', '2023-11-02 09:56:17', '2023-11-02 09:56:17'),
	(1109, 556, 'piagam', 'https://sipinter.maarifnu.or.id/verify/634e2e003a0c4bb28263038135adde00', 'Piagam Nomor Registrasi Ma\'arif - SMK PEMBANGUNAN KARANGMOJO.pdf', '2023-11-02', '2023-11-02 09:56:19', '2023-11-02 09:56:19'),
	(1110, 556, 'sk', 'https://sipinter.maarifnu.or.id/verify/bfc5e05642104a12b7ac70b5cf1c6c36', 'SK Satuan Pendidikan BHPNU - SMK PEMBANGUNAN KARANGMOJO.pdf', '2023-11-02', '2023-11-02 09:56:19', '2023-11-02 09:56:19'),
	(1111, 557, 'piagam', 'https://sipinter.maarifnu.or.id/verify/73afecf2d9fa4f499b90a4cb2db18704', 'Piagam Nomor Registrasi Ma\'arif - SMAS PEMBANGUNAN I WONOSARI.pdf', '2023-11-02', '2023-11-02 09:56:20', '2023-11-02 09:56:20'),
	(1112, 557, 'sk', 'https://sipinter.maarifnu.or.id/verify/227600396b404cc1bfbd6c4c71b4a526', 'SK Satuan Pendidikan BHPNU - SMAS PEMBANGUNAN I WONOSARI.pdf', '2023-11-02', '2023-11-02 09:56:20', '2023-11-02 09:56:20'),
	(1113, 558, 'piagam', 'https://sipinter.maarifnu.or.id/verify/f169ad34854f49e7bd850b6f5c043ab0', 'Piagam Nomor Registrasi Ma\'arif - SMA PEMBANGUNAN 2 KARANGMOJO.pdf', '2023-11-02', '2023-11-02 09:56:22', '2023-11-02 09:56:22'),
	(1114, 558, 'sk', 'https://sipinter.maarifnu.or.id/verify/2b5a772f6946417aab87d41eb6b2bc80', 'SK Satuan Pendidikan BHPNU - SMA PEMBANGUNAN 2 KARANGMOJO.pdf', '2023-11-02', '2023-11-02 09:56:22', '2023-11-02 09:56:22'),
	(1115, 559, 'piagam', 'https://sipinter.maarifnu.or.id/verify/732c1b87fd7a4b5f84f8134b730a548b', 'Piagam Nomor Registrasi Ma\'arif - SMA PEMBANGUNAN 3 PONJONG.pdf', '2023-11-02', '2023-11-02 09:56:23', '2023-11-02 09:56:23'),
	(1116, 559, 'sk', 'https://sipinter.maarifnu.or.id/verify/021abed0f6344896aca6b5fc68c7e993', 'SK Satuan Pendidikan BHPNU - SMA PEMBANGUNAN 3 PONJONG.pdf', '2023-11-02', '2023-11-02 09:56:23', '2023-11-02 09:56:23'),
	(1117, 560, 'piagam', 'https://sipinter.maarifnu.or.id/verify/21bcebaad9f942e88fc571d88519561e', 'Piagam Nomor Registrasi Ma\'arif - SMK MAARIF NGAWEN.pdf', '2023-11-02', '2023-11-02 09:56:24', '2023-11-02 09:56:24'),
	(1118, 560, 'sk', 'https://sipinter.maarifnu.or.id/verify/25986c889e4c43d78cf085d43db1feef', 'SK Satuan Pendidikan BHPNU - SMK MAARIF NGAWEN.pdf', '2023-11-02', '2023-11-02 09:56:24', '2023-11-02 09:56:24'),
	(1119, 561, 'piagam', 'https://sipinter.maarifnu.or.id/verify/53d14dd89cb743f6a66f07d5c277fce1', 'Piagam Nomor Registrasi Ma\'arif - SMK MAARIF PONJONG.pdf', '2023-11-02', '2023-11-02 09:56:25', '2023-11-02 09:56:25'),
	(1120, 561, 'sk', 'https://sipinter.maarifnu.or.id/verify/6d15aca6198d4a5b9696c4d26001fcab', 'SK Satuan Pendidikan BHPNU - SMK MAARIF PONJONG.pdf', '2023-11-02', '2023-11-02 09:56:25', '2023-11-02 09:56:25'),
	(1121, 562, 'piagam', 'https://sipinter.maarifnu.or.id/verify/3794796461b243f68388620bfee5769c', 'Piagam Nomor Registrasi Ma\'arif - SMK MAARIF PLAYEN.pdf', '2023-11-02', '2023-11-02 09:56:26', '2023-11-02 09:56:26'),
	(1122, 562, 'sk', 'https://sipinter.maarifnu.or.id/verify/a1d0e55e44f9403684360214361f91ab', 'SK Satuan Pendidikan BHPNU - SMK MAARIF PLAYEN.pdf', '2023-11-02', '2023-11-02 09:56:26', '2023-11-02 09:56:26'),
	(1123, 563, 'piagam', 'https://sipinter.maarifnu.or.id/verify/f51ac00d5616493a96f8c0708b6bc482', 'Piagam Nomor Registrasi Ma\'arif - MAS YAPPI GUBUKRUBUH.pdf', '2023-11-02', '2023-11-02 09:56:28', '2023-11-02 09:56:28'),
	(1124, 563, 'sk', 'https://sipinter.maarifnu.or.id/verify/3a8960b184cc403998585b02eb9367f7', 'SK Satuan Pendidikan BHPNU - MAS YAPPI GUBUKRUBUH.pdf', '2023-11-02', '2023-11-02 09:56:28', '2023-11-02 09:56:28'),
	(1125, 564, 'piagam', 'https://sipinter.maarifnu.or.id/verify/89bb2be6b9914bf3b246d3f0a44cbf9a', 'Piagam Nomor Registrasi Ma\'arif - MI MA`ARIF KLANGON.pdf', '2023-11-02', '2023-11-02 09:56:29', '2023-11-02 09:56:29'),
	(1126, 564, 'sk', 'https://sipinter.maarifnu.or.id/verify/d50716359e0142fca35b2e08d1ac1e2f', 'SK Satuan Pendidikan BHPNU - MI MA`ARIF KLANGON.pdf', '2023-11-02', '2023-11-02 09:56:29', '2023-11-02 09:56:29'),
	(1127, 565, 'piagam', 'https://sipinter.maarifnu.or.id/verify/53a92339a26b467c8d30c5213b421878', 'Piagam Nomor Registrasi Ma\'arif - MI MA`ARIF BRAJAN.pdf', '2023-11-02', '2023-11-02 09:56:31', '2023-11-02 09:56:31'),
	(1128, 565, 'sk', 'https://sipinter.maarifnu.or.id/verify/b56fd55a130446c795f79f0e7bce7c1a', 'SK Satuan Pendidikan BHPNU - MI MA`ARIF BRAJAN.pdf', '2023-11-02', '2023-11-02 09:56:31', '2023-11-02 09:56:31'),
	(1129, 566, 'piagam', 'https://sipinter.maarifnu.or.id/verify/6185357ce8b541c7a01d9288d5442fbc', 'Piagam Nomor Registrasi Ma\'arif - MI MA`ARIF SENDANG.pdf', '2023-11-02', '2023-11-02 09:56:32', '2023-11-02 09:56:32'),
	(1130, 566, 'sk', 'https://sipinter.maarifnu.or.id/verify/077e16c144e2465c89fda516e56e33af', 'SK Satuan Pendidikan BHPNU - MI MA`ARIF SENDANG.pdf', '2023-11-02', '2023-11-02 09:56:32', '2023-11-02 09:56:32'),
	(1131, 567, 'piagam', 'https://sipinter.maarifnu.or.id/verify/52f1982ffe5141a4818e81d3cfcb6c42', 'Piagam Nomor Registrasi Ma\'arif - MI MA`ARIF KARANGWUNI.pdf', '2023-11-02', '2023-11-02 09:56:34', '2023-11-02 09:56:34'),
	(1132, 567, 'sk', 'https://sipinter.maarifnu.or.id/verify/78cc9647f0964cd096eab7de7f724f6d', 'SK Satuan Pendidikan BHPNU - MI MA`ARIF KARANGWUNI.pdf', '2023-11-02', '2023-11-02 09:56:34', '2023-11-02 09:56:34'),
	(1133, 568, 'piagam', 'https://sipinter.maarifnu.or.id/verify/268b0a368db043fbb2f065c7f563cea7', 'Piagam Nomor Registrasi Ma\'arif - MI MA`ARIF BOJONG.pdf', '2023-11-02', '2023-11-02 09:56:36', '2023-11-02 09:56:36'),
	(1134, 568, 'sk', 'https://sipinter.maarifnu.or.id/verify/b1540b8ec16f495b9df171685684d295', 'SK Satuan Pendidikan BHPNU - MI MA`ARIF BOJONG.pdf', '2023-11-02', '2023-11-02 09:56:36', '2023-11-02 09:56:36'),
	(1135, 569, 'piagam', 'https://sipinter.maarifnu.or.id/verify/614b521e818a499b912c27878db60440', 'Piagam Nomor Registrasi Ma\'arif - MI MA`ARIF NGIPIK.pdf', '2023-11-02', '2023-11-02 09:56:37', '2023-11-02 09:56:37'),
	(1136, 569, 'sk', 'https://sipinter.maarifnu.or.id/verify/2299029be6604fdebe52775cc596d374', 'SK Satuan Pendidikan BHPNU - MI MA`ARIF NGIPIK.pdf', '2023-11-02', '2023-11-02 09:56:37', '2023-11-02 09:56:37'),
	(1137, 570, 'piagam', 'https://sipinter.maarifnu.or.id/verify/e32ac0f753a842848b86f9c1712e2c52', 'Piagam Nomor Registrasi Ma\'arif - SMK MAARIF 1 WATES.pdf', '2023-11-02', '2023-11-02 09:56:38', '2023-11-02 09:56:38'),
	(1138, 570, 'sk', 'https://sipinter.maarifnu.or.id/verify/2d12f99673344e9292f9420d82aac9b7', 'SK Satuan Pendidikan BHPNU - SMK MAARIF 1 WATES.pdf', '2023-11-02', '2023-11-02 09:56:38', '2023-11-02 09:56:38'),
	(1139, 571, 'piagam', 'https://sipinter.maarifnu.or.id/verify/3489fd79ce6a4f93b6433aef7c484f75', 'Piagam Nomor Registrasi Ma\'arif - SMK MAARIF 3 WATES.pdf', '2023-11-02', '2023-11-02 09:56:40', '2023-11-02 09:56:40'),
	(1140, 571, 'sk', 'https://sipinter.maarifnu.or.id/verify/3912bf2c2c1a46d083e0ee046d5ac6d7', 'SK Satuan Pendidikan BHPNU - SMK MAARIF 3 WATES.pdf', '2023-11-02', '2023-11-02 09:56:40', '2023-11-02 09:56:40'),
	(1141, 572, 'piagam', 'https://sipinter.maarifnu.or.id/verify/5b260d6eba2d45e39f17e210724d0c25', 'Piagam Nomor Registrasi Ma\'arif - SMK MAARIF 1 TEMON.pdf', '2023-11-02', '2023-11-02 09:56:41', '2023-11-02 09:56:41'),
	(1142, 572, 'sk', 'https://sipinter.maarifnu.or.id/verify/64b5885662a44f8a84a405d2e1e5b9ae', 'SK Satuan Pendidikan BHPNU - SMK MAARIF 1 TEMON.pdf', '2023-11-02', '2023-11-02 09:56:41', '2023-11-02 09:56:41'),
	(1143, 573, 'piagam', 'https://sipinter.maarifnu.or.id/verify/01763ae9a27d483b8f2f0506ef1ef0ba', 'Piagam Nomor Registrasi Ma\'arif - SMK MAARIF 2 TEMON.pdf', '2023-11-02', '2023-11-02 09:56:43', '2023-11-02 09:56:43'),
	(1144, 573, 'sk', 'https://sipinter.maarifnu.or.id/verify/62c85d2d3f864ac298990b0bbb42227e', 'SK Satuan Pendidikan BHPNU - SMK MAARIF 2 TEMON.pdf', '2023-11-02', '2023-11-02 09:56:43', '2023-11-02 09:56:43'),
	(1145, 574, 'piagam', 'https://sipinter.maarifnu.or.id/verify/30b0b999212f448383ad3f0a0b6515a7', 'Piagam Nomor Registrasi Ma\'arif - SMK MAARIF 1 NANGGULAN.pdf', '2023-11-02', '2023-11-02 09:56:44', '2023-11-02 09:56:44'),
	(1146, 574, 'sk', 'https://sipinter.maarifnu.or.id/verify/fd379060520d4d9d9434ab66d5f5ecdd', 'SK Satuan Pendidikan BHPNU - SMK MAARIF 1 NANGGULAN.pdf', '2023-11-02', '2023-11-02 09:56:44', '2023-11-02 09:56:44'),
	(1147, 575, 'piagam', 'https://sipinter.maarifnu.or.id/verify/26a1e96a770f413591a71472cbb32a57', 'Piagam Nomor Registrasi Ma\'arif - SMK MAARIF 1 KALIBAWANG.pdf', '2023-11-02', '2023-11-02 09:56:45', '2023-11-02 09:56:45'),
	(1148, 575, 'sk', 'https://sipinter.maarifnu.or.id/verify/21da2950112f4beaa5b53ef84b835df0', 'SK Satuan Pendidikan BHPNU - SMK MAARIF 1 KALIBAWANG.pdf', '2023-11-02', '2023-11-02 09:56:45', '2023-11-02 09:56:45'),
	(1149, 576, 'piagam', 'https://sipinter.maarifnu.or.id/verify/bb42c4f10803403aad8fa4d767b0955f', 'Piagam Nomor Registrasi Ma\'arif - SMK MAARIF NURUL HAROMAIN SENTOLO.pdf', '2023-11-02', '2023-11-02 09:56:46', '2023-11-02 09:56:46'),
	(1150, 576, 'sk', 'https://sipinter.maarifnu.or.id/verify/aadb797dbbfb4507a64e1e2f59e2d38b', 'SK Satuan Pendidikan BHPNU - SMK MAARIF NURUL HAROMAIN SENTOLO.pdf', '2023-11-02', '2023-11-02 09:56:46', '2023-11-02 09:56:46'),
	(1151, 577, 'piagam', 'https://sipinter.maarifnu.or.id/verify/9f85da45cbd645fa896294783ed00ef1', 'Piagam Nomor Registrasi Ma\'arif - SMA MAARIF WATES.pdf', '2023-11-02', '2023-11-02 09:56:48', '2023-11-02 09:56:48'),
	(1152, 577, 'sk', 'https://sipinter.maarifnu.or.id/verify/25a9ed71fb1f445db57be54f2647d327', 'SK Satuan Pendidikan BHPNU - SMA MAARIF WATES.pdf', '2023-11-02', '2023-11-02 09:56:48', '2023-11-02 09:56:48'),
	(1153, 578, 'piagam', 'https://sipinter.maarifnu.or.id/verify/0008f7cfbf874f83aa0c4b1dab519cd1', 'Piagam Nomor Registrasi Ma\'arif - MA MA`ARIF NURUL HAROMAIN.pdf', '2023-11-02', '2023-11-02 09:56:50', '2023-11-02 09:56:50'),
	(1154, 578, 'sk', 'https://sipinter.maarifnu.or.id/verify/5c61e50f1573493b8499bb3e1e339bf4', 'SK Satuan Pendidikan BHPNU - MA MA`ARIF NURUL HAROMAIN.pdf', '2023-11-02', '2023-11-02 09:56:50', '2023-11-02 09:56:50'),
	(1155, 579, 'piagam', 'https://sipinter.maarifnu.or.id/verify/28602d1f2f2f439abe51eae704fa1678', 'Piagam Nomor Registrasi Ma\'arif - MTS MA`ARIF NURUL DHOLAM PENGASIH.pdf', '2023-11-02', '2023-11-02 09:56:51', '2023-11-02 09:56:51'),
	(1156, 579, 'sk', 'https://sipinter.maarifnu.or.id/verify/ef342f951a2049b59fd16ded6672b920', 'SK Satuan Pendidikan BHPNU - MTS MA`ARIF NURUL DHOLAM PENGASIH.pdf', '2023-11-02', '2023-11-02 09:56:51', '2023-11-02 09:56:51'),
	(1157, 580, 'piagam', 'https://sipinter.maarifnu.or.id/verify/56c0e490dba84d3d88282eadedc495f9', 'Piagam Nomor Registrasi Ma\'arif - SMP PEMBANGUNAN MAARIF YOGYAKARTA.pdf', '2023-11-02', '2023-11-02 09:56:53', '2023-11-02 09:56:53'),
	(1158, 580, 'sk', 'https://sipinter.maarifnu.or.id/verify/90d7de8866fb49f49b4e73cb7f8da5b7', 'SK Satuan Pendidikan BHPNU - SMP PEMBANGUNAN MAARIF YOGYAKARTA.pdf', '2023-11-02', '2023-11-02 09:56:53', '2023-11-02 09:56:53'),
	(1159, 581, 'piagam', 'https://sipinter.maarifnu.or.id/verify/950f5b12825e416b9217592d081472e0', 'Piagam Nomor Registrasi Ma\'arif - SMAS MA ARIF YOGYAKARTA.pdf', '2023-11-02', '2023-11-02 09:56:54', '2023-11-02 09:56:54'),
	(1160, 581, 'sk', 'https://sipinter.maarifnu.or.id/verify/53e662978b7448c49ed25987d569b7fc', 'SK Satuan Pendidikan BHPNU - SMAS MA ARIF YOGYAKARTA.pdf', '2023-11-02', '2023-11-02 09:56:54', '2023-11-02 09:56:54'),
	(1161, 582, 'piagam', 'https://sipinter.maarifnu.or.id/verify/2e4d82b7e906481e9d400e8eb040b198', 'Piagam Nomor Registrasi Ma\'arif - MAS MA`ARIF NGLIPAR.pdf', '2023-11-02', '2023-11-02 10:00:18', '2023-11-02 10:00:18'),
	(1162, 582, 'sk', 'https://sipinter.maarifnu.or.id/verify/20d64663df1d4abb8ed26331f5063a3a', 'SK Satuan Pendidikan BHPNU - MAS MA`ARIF NGLIPAR.pdf', '2023-11-02', '2023-11-02 10:00:18', '2023-11-02 10:00:18'),
	(1163, 583, 'piagam', 'https://sipinter.maarifnu.or.id/verify/4893bddc9f8342c3a8e6a84d152bf104', 'Piagam Nomor Registrasi Ma\'arif - MIS MA`ARIF PIJENAN.pdf', '2023-11-02', '2023-11-02 10:00:19', '2023-11-02 10:00:19'),
	(1164, 583, 'sk', 'https://sipinter.maarifnu.or.id/verify/4d6820bc81e248538280669147b69d9a', 'SK Satuan Pendidikan BHPNU - MIS MA`ARIF PIJENAN.pdf', '2023-11-02', '2023-11-02 10:00:19', '2023-11-02 10:00:19'),
	(1165, 584, 'piagam', 'https://sipinter.maarifnu.or.id/verify/0d8c4ecca7f24764a3d45a27c61fd773', 'Piagam Nomor Registrasi Ma\'arif - MAS WAHID HASYIM.pdf', '2023-11-02', '2023-11-02 10:00:21', '2023-11-02 10:00:21'),
	(1166, 584, 'sk', 'https://sipinter.maarifnu.or.id/verify/a73f039e93ff49bbaaad241aea09b48b', 'SK Satuan Pendidikan BHPNU - MAS WAHID HASYIM.pdf', '2023-11-02', '2023-11-02 10:00:21', '2023-11-02 10:00:21'),
	(1167, 585, 'piagam', 'https://sipinter.maarifnu.or.id/verify/69b87508c3784656a782cdbe19a2d2e2', 'Piagam Nomor Registrasi Ma\'arif - MTSS HASYIM ASY`ARI.pdf', '2023-11-02', '2023-11-02 10:00:22', '2023-11-02 10:00:22'),
	(1168, 585, 'sk', 'https://sipinter.maarifnu.or.id/verify/53e9558f38074805ba3de6fab3f70a43', 'SK Satuan Pendidikan BHPNU - MTSS HASYIM ASY`ARI.pdf', '2023-11-02', '2023-11-02 10:00:22', '2023-11-02 10:00:22'),
	(1169, 586, 'piagam', 'https://sipinter.maarifnu.or.id/verify/3f81ce6e34fb489cbde8a00296554753', 'Piagam Nomor Registrasi Ma\'arif - MTSS WAHID HASYIM.pdf', '2023-11-02', '2023-11-02 10:00:23', '2023-11-02 10:00:23'),
	(1170, 586, 'sk', 'https://sipinter.maarifnu.or.id/verify/ec0cfb9c7f324d5da7c9f99a7104ccaf', 'SK Satuan Pendidikan BHPNU - MTSS WAHID HASYIM.pdf', '2023-11-02', '2023-11-02 10:00:23', '2023-11-02 10:00:23'),
	(1171, 587, 'piagam', 'https://sipinter.maarifnu.or.id/verify/ebfc3e1027b14ae49b8c120e6f6ab901', 'Piagam Nomor Registrasi Ma\'arif - MI MA`ARIF PAGERHARJO.pdf', '2023-11-02', '2023-11-02 10:00:25', '2023-11-02 10:00:25'),
	(1172, 587, 'sk', 'https://sipinter.maarifnu.or.id/verify/83aa670f3ef0466dac554012f95e7a14', 'SK Satuan Pendidikan BHPNU - MI MA`ARIF PAGERHARJO.pdf', '2023-11-02', '2023-11-02 10:00:25', '2023-11-02 10:00:25'),
	(1173, 588, 'piagam', 'https://sipinter.maarifnu.or.id/verify/0cb32a5fb80646a8a44598f419e16bf9', 'Piagam Nomor Registrasi Ma\'arif - MI MA`ARIF PETET.pdf', '2023-11-02', '2023-11-02 10:00:26', '2023-11-02 10:00:26'),
	(1174, 588, 'sk', 'https://sipinter.maarifnu.or.id/verify/7daf268967c942ad87af273d009b612a', 'SK Satuan Pendidikan BHPNU - MI MA`ARIF PETET.pdf', '2023-11-02', '2023-11-02 10:00:26', '2023-11-02 10:00:26'),
	(1175, 589, 'piagam', 'https://sipinter.maarifnu.or.id/verify/2adb6e1ef9ee4531840e9730ac859a3c', 'Piagam Nomor Registrasi Ma\'arif - MIS WAHID HASYIM.pdf', '2023-11-02', '2023-11-02 10:00:29', '2023-11-02 10:00:29'),
	(1176, 589, 'sk', 'https://sipinter.maarifnu.or.id/verify/2d6ad098e2364754bdb19612bdbc57dd', 'SK Satuan Pendidikan BHPNU - MIS WAHID HASYIM.pdf', '2023-11-02', '2023-11-02 10:00:29', '2023-11-02 10:00:29'),
	(1177, 590, 'piagam', 'https://sipinter.maarifnu.or.id/verify/a563d8dff12941e1a5c0bb4b27fd6a3e', 'Piagam Nomor Registrasi Ma\'arif - MTS MA`ARIF NURUL HAROMAIN.pdf', '2023-11-02', '2023-11-02 10:00:31', '2023-11-02 10:00:31'),
	(1178, 590, 'sk', 'https://sipinter.maarifnu.or.id/verify/306b19f37c194b64833cf74cc7c4208c', 'SK Satuan Pendidikan BHPNU - MTS MA`ARIF NURUL HAROMAIN.pdf', '2023-11-02', '2023-11-02 10:00:31', '2023-11-02 10:00:31'),
	(1179, 591, 'piagam', 'https://sipinter.maarifnu.or.id/verify/6833131bf0a440b1aa05e15923454765', 'Piagam Nomor Registrasi Ma\'arif - SMP AL MA ARIF BANTUL.pdf', '2023-11-02', '2023-11-02 10:00:33', '2023-11-02 10:00:33'),
	(1180, 591, 'sk', 'https://sipinter.maarifnu.or.id/verify/ca7724c98b5449539fe24b56ce3e429b', 'SK Satuan Pendidikan BHPNU - SMP AL MA ARIF BANTUL.pdf', '2023-11-02', '2023-11-02 10:00:33', '2023-11-02 10:00:33'),
	(1181, 592, 'piagam', 'https://sipinter.maarifnu.or.id/verify/b8b94c58922b45e395424e236a713b28', 'Piagam Nomor Registrasi Ma\'arif - SMP PEMBANGUNAN PONJONG.pdf', '2023-11-02', '2023-11-02 10:00:34', '2023-11-02 10:00:34'),
	(1182, 592, 'sk', 'https://sipinter.maarifnu.or.id/verify/1a1263e1fde54537861cbc3dc4f85b7f', 'SK Satuan Pendidikan BHPNU - SMP PEMBANGUNAN PONJONG.pdf', '2023-11-02', '2023-11-02 10:00:34', '2023-11-02 10:00:34'),
	(1183, 593, 'piagam', 'https://sipinter.maarifnu.or.id/verify/30e8253fa6304ac08fd6550ed2b88bc8', 'Piagam Nomor Registrasi Ma\'arif - SMP MA ARIF KALIBAWANG.pdf', '2023-11-02', '2023-11-02 10:00:36', '2023-11-02 10:00:36'),
	(1184, 593, 'sk', 'https://sipinter.maarifnu.or.id/verify/065ba8c19bb247d983defe848dd1e717', 'SK Satuan Pendidikan BHPNU - SMP MA ARIF KALIBAWANG.pdf', '2023-11-02', '2023-11-02 10:00:36', '2023-11-02 10:00:36'),
	(1185, 594, 'piagam', 'https://sipinter.maarifnu.or.id/verify/73fe6dce6def420aa3322d0222b2143b', 'Piagam Nomor Registrasi Ma\'arif - SMP MAARIF YANI NANGGULAN.pdf', '2023-11-02', '2023-11-02 10:00:37', '2023-11-02 10:00:37'),
	(1186, 594, 'sk', 'https://sipinter.maarifnu.or.id/verify/4d4c1c2ced9a4628b776468abb8c1a59', 'SK Satuan Pendidikan BHPNU - SMP MAARIF YANI NANGGULAN.pdf', '2023-11-02', '2023-11-02 10:00:37', '2023-11-02 10:00:37'),
	(1187, 595, 'piagam', 'https://sipinter.maarifnu.or.id/verify/6139d7796eec461db2c28459c86a6de0', 'Piagam Nomor Registrasi Ma\'arif - TK MASYITHOH NGLERI I.pdf', '2023-11-02', '2023-11-02 10:00:38', '2023-11-02 10:00:38'),
	(1188, 595, 'sk', 'https://sipinter.maarifnu.or.id/verify/cd8452e4baa64be4adf9ec91a2616831', 'SK Satuan Pendidikan BHPNU - TK MASYITHOH NGLERI I.pdf', '2023-11-02', '2023-11-02 10:00:38', '2023-11-02 10:00:38'),
	(1189, 596, 'piagam', 'https://sipinter.maarifnu.or.id/verify/56775eaa3363496389224eddcc25a912', 'Piagam Nomor Registrasi Ma\'arif - SMK AL MUNAWWIR KRAPYAK.pdf', '2023-11-02', '2023-11-02 10:00:39', '2023-11-02 10:00:39'),
	(1190, 596, 'sk', 'https://sipinter.maarifnu.or.id/verify/f87ffde71dee4c9fa7096cba9267e35d', 'SK Satuan Pendidikan BHPNU - SMK AL MUNAWWIR KRAPYAK.pdf', '2023-11-02', '2023-11-02 10:00:39', '2023-11-02 10:00:39'),
	(1191, 597, 'piagam', 'https://sipinter.maarifnu.or.id/verify/4fa97fdb48874d4dacbede380136bd96', 'Piagam Nomor Registrasi Ma\'arif - MI MA`ARIF PLAMPANG.pdf', '2023-11-02', '2023-11-02 10:00:40', '2023-11-02 10:00:40'),
	(1192, 597, 'sk', 'https://sipinter.maarifnu.or.id/verify/b8f14d08148b4572904c5991f2646be2', 'SK Satuan Pendidikan BHPNU - MI MA`ARIF PLAMPANG.pdf', '2023-11-02', '2023-11-02 10:00:40', '2023-11-02 10:00:40'),
	(1193, 598, 'piagam', 'https://sipinter.maarifnu.or.id/verify/57c22aa6b24249e9a8dd52a5f2a991c8', 'Piagam Nomor Registrasi Ma\'arif - MI MA`ARIF DONDONG.pdf', '2023-11-02', '2023-11-02 10:00:42', '2023-11-02 10:00:42'),
	(1194, 598, 'sk', 'https://sipinter.maarifnu.or.id/verify/ffeee0867f6643afa35e87da02d632a3', 'SK Satuan Pendidikan BHPNU - MI MA`ARIF DONDONG.pdf', '2023-11-02', '2023-11-02 10:00:42', '2023-11-02 10:00:42'),
	(1195, 599, 'piagam', 'https://sipinter.maarifnu.or.id/verify/e1d30f5259894776a0c29a13f034b416', 'Piagam Nomor Registrasi Ma\'arif - MIS YAPPI KALONGAN.pdf', '2023-11-02', '2023-11-02 10:00:44', '2023-11-02 10:00:44'),
	(1196, 599, 'sk', 'https://sipinter.maarifnu.or.id/verify/9e11031473a14f03837482bbe98abeca', 'SK Satuan Pendidikan BHPNU - MIS YAPPI KALONGAN.pdf', '2023-11-02', '2023-11-02 10:00:44', '2023-11-02 10:00:44'),
	(1197, 600, 'piagam', 'https://sipinter.maarifnu.or.id/verify/26d1baf8825b47a0a2c7b336954ab4b8', 'Piagam Nomor Registrasi Ma\'arif - SDS IT BINA ANAK ISLAM KRAPYAK.pdf', '2023-11-02', '2023-11-02 10:00:47', '2023-11-02 10:00:47'),
	(1198, 600, 'sk', 'https://sipinter.maarifnu.or.id/verify/fb7fff7993b4465d999ed5576ebf79ae', 'SK Satuan Pendidikan BHPNU - SDS IT BINA ANAK ISLAM KRAPYAK.pdf', '2023-11-02', '2023-11-02 10:00:47', '2023-11-02 10:00:47'),
	(1199, 601, 'piagam', 'https://sipinter.maarifnu.or.id/verify/39d0217e0a5a46439c9825e45997850b', 'Piagam Nomor Registrasi Ma\'arif - SMP AL ISLAM WONOSARI.pdf', '2023-11-02', '2023-11-02 10:00:50', '2023-11-02 10:00:50'),
	(1200, 601, 'sk', 'https://sipinter.maarifnu.or.id/verify/691bdd83e1aa43fbbb715bab60ad3998', 'SK Satuan Pendidikan BHPNU - SMP AL ISLAM WONOSARI.pdf', '2023-11-02', '2023-11-02 10:00:50', '2023-11-02 10:00:50'),
	(1201, 602, 'piagam', 'https://sipinter.maarifnu.or.id/verify/bc8590407f6344179d383d440aa5b755', 'Piagam Nomor Registrasi Ma\'arif - MI MA`ARIF SANGON.pdf', '2023-11-02', '2023-11-02 10:05:38', '2023-11-02 10:05:38'),
	(1202, 602, 'sk', 'https://sipinter.maarifnu.or.id/verify/f6ac699f6c804c2daece5fa60db0ab63', 'SK Satuan Pendidikan BHPNU - MI MA`ARIF SANGON.pdf', '2023-11-02', '2023-11-02 10:05:38', '2023-11-02 10:05:38'),
	(1203, 603, 'piagam', 'https://sipinter.maarifnu.or.id/verify/2921050378c940a1ba8ed95860b000fa', 'Piagam Nomor Registrasi Ma\'arif - SMK MAARIF NU MARTAPURA.pdf', '2023-11-03', '2023-11-03 08:00:28', '2023-11-03 08:00:28'),
	(1204, 603, 'sk', 'https://sipinter.maarifnu.or.id/verify/8cb78700b1274303a6d65c84c4f78f18', 'SK Satuan Pendidikan BHPNU - SMK MAARIF NU MARTAPURA.pdf', '2023-11-03', '2023-11-03 08:00:28', '2023-11-03 08:00:28');

-- Dumping structure for table testing_lpmaarif.informasi
CREATE TABLE IF NOT EXISTS `informasi` (
  `id_info` bigint unsigned NOT NULL AUTO_INCREMENT,
  `slug` varchar(255) CHARACTER SET utf8mb4 COLLATE utf8mb4_unicode_ci NOT NULL,
  `type` enum('SK','Piagam','Berita','Pengumuman') CHARACTER SET utf8mb4 COLLATE utf8mb4_unicode_ci NOT NULL,
  `headline` varchar(255) CHARACTER SET utf8mb4 COLLATE utf8mb4_unicode_ci NOT NULL,
  `tgl_upload` datetime NOT NULL,
  `content` text CHARACTER SET utf8mb4 COLLATE utf8mb4_unicode_ci NOT NULL,
  `image` varchar(255) CHARACTER SET utf8mb4 COLLATE utf8mb4_unicode_ci NOT NULL,
  `tag` varchar(100) CHARACTER SET utf8mb4 COLLATE utf8mb4_unicode_ci DEFAULT NULL,
  `created_at` timestamp NULL DEFAULT NULL,
  `updated_at` timestamp NULL DEFAULT NULL,
  PRIMARY KEY (`id_info`),
  UNIQUE KEY `informasi_slug_unique` (`slug`)
) ENGINE=InnoDB AUTO_INCREMENT=7 DEFAULT CHARSET=utf8mb4 COLLATE=utf8mb4_unicode_ci;

-- Dumping data for table testing_lpmaarif.informasi: ~6 rows (approximately)
DELETE FROM `informasi`;
INSERT INTO `informasi` (`id_info`, `slug`, `type`, `headline`, `tgl_upload`, `content`, `image`, `tag`, `created_at`, `updated_at`) VALUES
	(1, 'slug-example1', 'SK', 'Peluncuran Aplikasi Siapin LP Ma\'arif', '2023-10-31 15:14:47', 'peluncuran informasi', 's4.jpg', '#halo #test', '2023-10-31 15:14:47', '2023-10-31 15:14:47'),
	(2, 'slug-example2', 'SK', 'Revamp Siapin LP Ma\'arif', '2023-10-31 15:14:47', 'peluncuran informasi saat ini', 's4.jpg', '#halo #test', '2023-10-31 15:14:47', '2023-10-31 15:14:47'),
	(3, 'slug-example3', 'SK', 'Revamp Siapin LP Ma\'arif', '2023-10-31 15:14:47', 'peluncuran informasi saat ini', 's4.jpg', '#halo #test', '2023-10-31 15:14:47', '2023-10-31 15:14:47'),
	(4, 'slug-example4', 'SK', 'Revamp Siapin LP Ma\'arif', '2023-10-31 15:14:47', 'peluncuran informasi saat ini', 's4.jpg', '#halo #test', '2023-10-31 15:14:47', '2023-10-31 15:14:47'),
	(5, 'slug-example5', 'SK', 'Revamp Siapin LP Ma\'arif', '2023-10-31 15:14:47', 'peluncuran informasi saat ini', 's4.jpg', '#halo #test', '2023-10-31 15:14:47', '2023-10-31 15:14:47'),
	(6, 'slug-example6', 'SK', 'Revamp Siapin LP Ma\'arif', '2023-10-31 15:14:47', 'peluncuran informasi saat ini', 's4.jpg', '#halo #test', '2023-10-31 15:14:47', '2023-10-31 15:14:47');

-- Dumping structure for table testing_lpmaarif.informasi_file
CREATE TABLE IF NOT EXISTS `informasi_file` (
  `id_file` bigint unsigned NOT NULL AUTO_INCREMENT,
  `id_info` bigint unsigned NOT NULL,
  `fileupload` varchar(255) CHARACTER SET utf8mb4 COLLATE utf8mb4_unicode_ci NOT NULL,
  `created_at` timestamp NULL DEFAULT NULL,
  `updated_at` timestamp NULL DEFAULT NULL,
  PRIMARY KEY (`id_file`),
  KEY `informasi_file_id_info_foreign` (`id_info`),
  CONSTRAINT `informasi_file_id_info_foreign` FOREIGN KEY (`id_info`) REFERENCES `informasi` (`id_info`) ON DELETE CASCADE ON UPDATE CASCADE
) ENGINE=InnoDB DEFAULT CHARSET=utf8mb4 COLLATE=utf8mb4_unicode_ci;

-- Dumping data for table testing_lpmaarif.informasi_file: ~0 rows (approximately)
DELETE FROM `informasi_file`;

-- Dumping structure for table testing_lpmaarif.jenjang_pendidikan
CREATE TABLE IF NOT EXISTS `jenjang_pendidikan` (
  `id_jenjang` bigint unsigned NOT NULL AUTO_INCREMENT,
  `nm_jenjang` varchar(45) CHARACTER SET utf8mb4 COLLATE utf8mb4_unicode_ci NOT NULL,
  `keterangan` varchar(255) CHARACTER SET utf8mb4 COLLATE utf8mb4_unicode_ci DEFAULT NULL,
  `created_at` timestamp NULL DEFAULT NULL,
  `updated_at` timestamp NULL DEFAULT NULL,
  PRIMARY KEY (`id_jenjang`)
) ENGINE=InnoDB AUTO_INCREMENT=16 DEFAULT CHARSET=utf8mb4 COLLATE=utf8mb4_unicode_ci;

-- Dumping data for table testing_lpmaarif.jenjang_pendidikan: ~15 rows (approximately)
DELETE FROM `jenjang_pendidikan`;
INSERT INTO `jenjang_pendidikan` (`id_jenjang`, `nm_jenjang`, `keterangan`, `created_at`, `updated_at`) VALUES
	(1, 'PAUD', 'Pendidikan Anak Usia Dini', '2023-10-31 15:14:46', '2023-10-31 15:14:46'),
	(2, 'KB', 'Kelompok Bermain', '2023-10-31 15:14:46', '2023-10-31 15:14:46'),
	(3, 'TPQ', 'Taman Pendidikan Qur`an', '2023-10-31 15:14:46', '2023-10-31 15:14:46'),
	(4, 'RA', 'Raudataul Atfal', '2023-10-31 15:14:46', '2023-10-31 15:14:46'),
	(5, 'TK', 'Taman Kanak', '2023-10-31 15:14:46', '2023-10-31 15:14:46'),
	(6, 'SD', 'Sekolah Dasar', '2023-10-31 15:14:46', '2023-10-31 15:14:46'),
	(7, 'MI', 'Madrasah Ibtidaiyah', '2023-10-31 15:14:46', '2023-10-31 15:14:46'),
	(8, 'SMP', 'Sekolah Menengah Pertama', '2023-10-31 15:14:46', '2023-10-31 15:14:46'),
	(9, 'MTS', 'Madrasah Stanawiyah', '2023-10-31 15:14:46', '2023-10-31 15:14:46'),
	(10, 'SMA', 'Sekolah Menengah Atas', '2023-10-31 15:14:46', '2023-10-31 15:14:46'),
	(11, 'SMK', 'Sekolah Menengah Kejuruan', '2023-10-31 15:14:46', '2023-10-31 15:14:46'),
	(12, 'MA', 'Madrasah Aliyah', '2023-10-31 15:14:46', '2023-10-31 15:14:46'),
	(13, 'MD', 'Madrasah Diniyah', '2023-10-31 15:14:46', '2023-10-31 15:14:46'),
	(14, 'SLB', 'Sekolah Luar Biasa', '2023-10-31 15:14:46', '2023-10-31 15:14:46'),
	(15, 'PT', 'Perguruan Tinggi', '2023-10-31 15:14:46', '2023-10-31 15:14:46');

-- Dumping structure for table testing_lpmaarif.kabupaten
CREATE TABLE IF NOT EXISTS `kabupaten` (
  `id_kab` bigint unsigned NOT NULL AUTO_INCREMENT,
  `id_prov` bigint unsigned NOT NULL,
  `nama_kab` varchar(255) CHARACTER SET utf8mb4 COLLATE utf8mb4_unicode_ci NOT NULL,
  `created_at` timestamp NULL DEFAULT NULL,
  `updated_at` timestamp NULL DEFAULT NULL,
  PRIMARY KEY (`id_kab`),
  KEY `kabupaten_id_prov_foreign` (`id_prov`),
  CONSTRAINT `kabupaten_id_prov_foreign` FOREIGN KEY (`id_prov`) REFERENCES `provinsi` (`id_prov`) ON DELETE CASCADE ON UPDATE CASCADE
) ENGINE=InnoDB AUTO_INCREMENT=515 DEFAULT CHARSET=utf8mb4 COLLATE=utf8mb4_unicode_ci;

-- Dumping data for table testing_lpmaarif.kabupaten: ~514 rows (approximately)
DELETE FROM `kabupaten`;
INSERT INTO `kabupaten` (`id_kab`, `id_prov`, `nama_kab`, `created_at`, `updated_at`) VALUES
	(1, 1, 'Kabupaten Kediri', NULL, NULL),
	(2, 1, 'Kabupaten Lumajang', NULL, NULL),
	(3, 1, 'Kabupaten Ngawi', NULL, NULL),
	(4, 1, 'Kabupaten Trenggalek ', NULL, NULL),
	(5, 1, 'Kabupaten Magetan', NULL, NULL),
	(6, 1, 'Kabupaten Sidoarjo', NULL, NULL),
	(7, 1, 'Kota Madiun ', NULL, NULL),
	(8, 1, 'Kabupaten Bojonegoro', NULL, NULL),
	(9, 1, 'Kabupaten Tuban ', NULL, NULL),
	(10, 1, 'Kota Surabaya', NULL, NULL),
	(11, 1, 'Kabupaten Malang', NULL, NULL),
	(12, 1, 'Kota Probolinggo ', NULL, NULL),
	(13, 1, 'Kabupaten Ponorogo', NULL, NULL),
	(14, 1, 'Kota Batu ', NULL, NULL),
	(15, 1, 'Kabupaten Lamongan', NULL, NULL),
	(16, 1, 'Kabupaten Gresik', NULL, NULL),
	(17, 1, 'Kabupaten Nganjuk', NULL, NULL),
	(18, 1, 'Kabupaten Sampang', NULL, NULL),
	(19, 1, 'Kabupaten Pasuruan', NULL, NULL),
	(20, 1, 'Kabupaten Mojokerto', NULL, NULL),
	(21, 1, 'Kabupaten Tulungagung ', NULL, NULL),
	(22, 1, 'Kabupaten Bondowoso', NULL, NULL),
	(23, 1, 'Kabupaten Jombang', NULL, NULL),
	(24, 1, 'Kabupaten Banyuwangi', NULL, NULL),
	(25, 1, 'Kabupaten Bangkalan', NULL, NULL),
	(26, 1, 'Kota Blitar ', NULL, NULL),
	(27, 1, 'Kabupaten Blitar', NULL, NULL),
	(28, 1, 'Kota Malang ', NULL, NULL),
	(29, 1, 'Kabupaten Pacitan', NULL, NULL),
	(30, 1, 'Kabupaten Situbondo', NULL, NULL),
	(31, 1, 'Kota Pasuruan ', NULL, NULL),
	(32, 1, 'Kabupaten Jember', NULL, NULL),
	(33, 1, 'Kabupaten Pamekasan', NULL, NULL),
	(34, 1, 'Kota Kediri ', NULL, NULL),
	(35, 1, 'Kabupaten Madiun', NULL, NULL),
	(36, 1, 'Kabupaten Probolinggo', NULL, NULL),
	(37, 1, 'Kabupaten Sumenep ', NULL, NULL),
	(38, 1, 'Kota Mojokerto ', NULL, NULL),
	(39, 2, 'Kabupaten Tegal ', NULL, NULL),
	(40, 2, 'Kabupaten Pekalongan ', NULL, NULL),
	(41, 2, 'Kabupaten Kebumen ', NULL, NULL),
	(42, 2, 'Kabupaten Purbalingga ', NULL, NULL),
	(43, 2, 'Kabupaten Blora ', NULL, NULL),
	(44, 2, 'Kabupaten Banyumas ', NULL, NULL),
	(45, 2, 'Kabupaten Wonosobo ', NULL, NULL),
	(46, 2, 'Kabupaten Pemalang ', NULL, NULL),
	(47, 2, 'Kabupaten Cilacap ', NULL, NULL),
	(48, 2, 'Kabupaten Banjarnegara ', NULL, NULL),
	(49, 2, 'Kabupaten Semarang ', NULL, NULL),
	(50, 2, 'Kabupaten Pati ', NULL, NULL),
	(51, 2, 'Kabupaten Kendal ', NULL, NULL),
	(52, 2, 'Kabupaten Rembang ', NULL, NULL),
	(53, 2, 'Kabupaten Magelang ', NULL, NULL),
	(54, 2, 'Kabupaten Batang ', NULL, NULL),
	(55, 2, 'Kabupaten Boyolali ', NULL, NULL),
	(56, 2, 'Kabupaten Brebes ', NULL, NULL),
	(57, 2, 'Kabupaten Demak ', NULL, NULL),
	(58, 2, 'Kabupaten Grobogan ', NULL, NULL),
	(59, 2, 'Kabupaten Jepara ', NULL, NULL),
	(60, 2, 'Kabupaten Karanganyar ', NULL, NULL),
	(61, 2, 'Kabupaten Klaten ', NULL, NULL),
	(62, 2, 'Kabupaten Kudus ', NULL, NULL),
	(63, 2, 'Kabupaten Purworejo ', NULL, NULL),
	(64, 2, 'Kabupaten Sragen ', NULL, NULL),
	(65, 2, 'Kabupaten Sukoharjo ', NULL, NULL),
	(66, 2, 'Kabupaten Temanggung ', NULL, NULL),
	(67, 2, 'Kabupaten Wonogiri ', NULL, NULL),
	(68, 2, 'Kota Magelang ', NULL, NULL),
	(69, 2, 'Kota Pekalongan ', NULL, NULL),
	(70, 2, 'Kota Salatiga ', NULL, NULL),
	(71, 2, 'Kota Semarang ', NULL, NULL),
	(72, 2, 'Kota Surakarta ', NULL, NULL),
	(73, 2, 'Kota Tegal', NULL, NULL),
	(74, 3, 'Kabupaten Badung', NULL, NULL),
	(75, 3, 'Kabupaten Bangli', NULL, NULL),
	(76, 3, 'Kabupaten Buleleng', NULL, NULL),
	(77, 3, 'Kabupaten Gianyar', NULL, NULL),
	(78, 3, 'Kabupaten Jembrana', NULL, NULL),
	(79, 3, 'Kabupaten Karangasem', NULL, NULL),
	(80, 3, 'Kabupaten Klungkung', NULL, NULL),
	(81, 3, 'Kabupaten Tabanan', NULL, NULL),
	(82, 3, 'Kota Denpasar', NULL, NULL),
	(83, 4, 'Kabupaten Lebak ', NULL, NULL),
	(84, 4, 'Kabupaten Pandeglang ', NULL, NULL),
	(85, 4, 'Kabupaten Serang ', NULL, NULL),
	(86, 4, 'Kabupaten Tangerang ', NULL, NULL),
	(87, 4, 'Kota Cilegon ', NULL, NULL),
	(88, 4, 'Kota Serang ', NULL, NULL),
	(89, 4, 'Kota Tangerang ', NULL, NULL),
	(90, 4, 'Kota Tangerang Selatan', NULL, NULL),
	(91, 5, 'Kabupaten Bengkulu Utara', NULL, NULL),
	(92, 5, 'Kabupaten Kaur', NULL, NULL),
	(93, 5, 'Kabupaten Bengkulu Selatan', NULL, NULL),
	(94, 5, 'Kabupaten Bengkulu Tengah', NULL, NULL),
	(95, 5, 'Kabupaten Kepahiang', NULL, NULL),
	(96, 5, 'Kabupaten Lebong', NULL, NULL),
	(97, 5, 'Kabupaten Mukomuko', NULL, NULL),
	(98, 5, 'Kabupaten Rejang Lebong', NULL, NULL),
	(99, 5, 'Kabupaten Seluma', NULL, NULL),
	(100, 5, 'Kota Bengkulu', NULL, NULL),
	(101, 6, 'Kota Administrasi Jakarta Barat ', NULL, NULL),
	(102, 6, 'Kota Administrasi Jakarta Pusat ', NULL, NULL),
	(103, 6, 'Kota Administrasi Jakarta Selatan ', NULL, NULL),
	(104, 6, 'Kota Administrasi Jakarta Timur ', NULL, NULL),
	(105, 6, 'Kota Administrasi Jakarta Utara ', NULL, NULL),
	(106, 6, 'Kabupaten Administrasi Kepulauan Seribu ', NULL, NULL),
	(107, 7, 'Kabupaten Sleman', NULL, NULL),
	(108, 7, 'Kabupaten Bantul', NULL, NULL),
	(109, 7, 'Kabupaten Gunung Kidul', NULL, '2023-11-02 08:15:24'),
	(110, 7, 'Kabupaten Kulon Progo', NULL, NULL),
	(111, 7, 'Kota Yogyakarta', NULL, NULL),
	(112, 8, 'Kabupaten Gorontalo', NULL, NULL),
	(113, 8, 'Kabupaten Pohuwato', NULL, NULL),
	(114, 8, 'Kabupaten Boalemo', NULL, NULL),
	(115, 8, 'Kabupaten Bone Bolango', NULL, NULL),
	(116, 8, 'Kabupaten Gorontalo Utara', NULL, NULL),
	(117, 8, 'Kota Gorontalo', NULL, NULL),
	(118, 9, 'Kabupaten Sarolangun', NULL, NULL),
	(119, 9, 'Kabupaten Batanghari', NULL, NULL),
	(120, 9, 'Kabupaten Bungo', NULL, NULL),
	(121, 9, 'Kabupaten Kerinci', NULL, NULL),
	(122, 9, 'Kabupaten Merangin', NULL, NULL),
	(123, 9, 'Kabupaten Muaro Jambi', NULL, NULL),
	(124, 9, 'Kabupaten Tanjung Jabung Barat', NULL, NULL),
	(125, 9, 'Kabupaten Tanjung Jabung Timur', NULL, NULL),
	(126, 9, 'Kabupaten Tebo', NULL, NULL),
	(127, 9, 'Kota Jambi', NULL, NULL),
	(128, 9, 'Kota Sungaipenuh', NULL, NULL),
	(129, 10, 'Kabupaten Karawang ', NULL, NULL),
	(130, 10, 'Kota Bandung ', NULL, NULL),
	(131, 10, 'Kabupaten Indramayu ', NULL, NULL),
	(132, 10, 'Kabupaten Sumedang ', NULL, NULL),
	(133, 10, 'Kota Tasikmalaya', NULL, NULL),
	(134, 10, 'Kota Banjar ', NULL, NULL),
	(135, 10, 'Kabupaten Kuningan ', NULL, NULL),
	(136, 10, 'Kabupaten Ciamis ', NULL, NULL),
	(137, 10, 'Kabupaten Cirebon ', NULL, NULL),
	(138, 10, 'Kabupaten Bekasi ', NULL, NULL),
	(139, 10, 'Kabupaten Purwakarta ', NULL, NULL),
	(140, 10, 'Kabupaten Bandung ', NULL, NULL),
	(141, 10, 'Kabupaten Bandung Barat ', NULL, NULL),
	(142, 10, 'Kabupaten Bogor ', NULL, NULL),
	(143, 10, 'Kabupaten Cianjur ', NULL, NULL),
	(144, 10, 'Kabupaten Garut ', NULL, NULL),
	(145, 10, 'Kabupaten Majalengka ', NULL, NULL),
	(146, 10, 'Kabupaten Pangandaran ', NULL, NULL),
	(147, 10, 'Kabupaten Subang ', NULL, NULL),
	(148, 10, 'Kabupaten Sukabumi ', NULL, NULL),
	(149, 10, 'Kabupaten Tasikmalaya ', NULL, NULL),
	(150, 10, 'Kota Bekasi ', NULL, NULL),
	(151, 10, 'Kota Bogor ', NULL, NULL),
	(152, 10, 'Kota Cimahi ', NULL, NULL),
	(153, 10, 'Kota Cirebon ', NULL, NULL),
	(154, 10, 'Kota Depok ', NULL, NULL),
	(155, 10, 'Kota Sukabumi ', NULL, NULL),
	(156, 11, 'Kabupaten Aceh Barat', NULL, NULL),
	(157, 11, 'Kabupaten Aceh Barat Daya', NULL, NULL),
	(158, 11, 'Kabupaten Aceh Besar', NULL, NULL),
	(159, 11, 'Kabupaten Aceh Jaya', NULL, NULL),
	(160, 11, 'Kabupaten Aceh Selatan', NULL, NULL),
	(161, 11, 'Kabupaten Aceh Singkil', NULL, NULL),
	(162, 11, 'Kabupaten Aceh Tamiang', NULL, NULL),
	(163, 11, 'Kabupaten Aceh Tengah', NULL, NULL),
	(164, 11, 'Kabupaten Aceh Tenggara', NULL, NULL),
	(165, 11, 'Kabupaten Aceh Timur', NULL, NULL),
	(166, 11, 'Kabupaten Aceh Utara', NULL, NULL),
	(167, 11, 'Kabupaten Bener Meriah', NULL, NULL),
	(168, 11, 'Kabupaten Bireuen', NULL, NULL),
	(169, 11, 'Kabupaten Gayo Lues', NULL, NULL),
	(170, 11, 'Kabupaten Nagan Raya', NULL, NULL),
	(171, 11, 'Kabupaten Pidie', NULL, NULL),
	(172, 11, 'Kabupaten Pidie Jaya', NULL, NULL),
	(173, 11, 'Kabupaten Simeulue', NULL, NULL),
	(174, 11, 'Kota Banda Aceh', NULL, NULL),
	(175, 11, 'Kota Langsa', NULL, NULL),
	(176, 11, 'Kota Lhokseumawe', NULL, NULL),
	(177, 11, 'Kota Sabang', NULL, NULL),
	(178, 11, 'Kota Subulussalam', NULL, NULL),
	(179, 12, 'Kabupaten Sintang', NULL, NULL),
	(180, 12, 'Kabupaten Bengkayang', NULL, NULL),
	(181, 12, 'Kabupaten Kapuas Hulu', NULL, NULL),
	(182, 12, 'Kabupaten Kayong Utara', NULL, NULL),
	(183, 12, 'Kabupaten Ketapang', NULL, NULL),
	(184, 12, 'Kabupaten Kubu Raya', NULL, NULL),
	(185, 12, 'Kabupaten Landak', NULL, NULL),
	(186, 12, 'Kabupaten Melawi', NULL, NULL),
	(187, 12, 'Kabupaten Mempawah', NULL, NULL),
	(188, 12, 'Kabupaten Sambas', NULL, NULL),
	(189, 12, 'Kabupaten Sanggau', NULL, NULL),
	(190, 12, 'Kabupaten Sekadau', NULL, NULL),
	(191, 12, 'Kota Pontianak', NULL, NULL),
	(192, 12, 'Kota Singkawang', NULL, NULL),
	(193, 13, 'Kota Banjarmasin', NULL, NULL),
	(194, 13, 'Kabupaten Tanah Bumbu', NULL, NULL),
	(195, 13, 'Kabupaten Balangan', NULL, NULL),
	(196, 13, 'Kabupaten Banjar', NULL, NULL),
	(197, 13, 'Kabupaten Barito Kuala', NULL, NULL),
	(198, 13, 'Kabupaten Hulu Sungai Selatan', NULL, NULL),
	(199, 13, 'Kabupaten Hulu Sungai Tengah', NULL, NULL),
	(200, 13, 'Kabupaten Hulu Sungai Utara', NULL, NULL),
	(201, 13, 'Kabupaten Kotabaru', NULL, NULL),
	(202, 13, 'Kabupaten Tabalong', NULL, NULL),
	(203, 13, 'Kabupaten Tanah Laut', NULL, NULL),
	(204, 13, 'Kabupaten Tapin', NULL, NULL),
	(205, 13, 'Kota Banjarbaru', NULL, NULL),
	(206, 14, 'Kabupaten Barito Selatan', NULL, NULL),
	(207, 14, 'Kabupaten Barito Timur', NULL, NULL),
	(208, 14, 'Kabupaten Barito Utara', NULL, NULL),
	(209, 14, 'Kabupaten Gunung Mas', NULL, NULL),
	(210, 14, 'Kabupaten Kapuas', NULL, NULL),
	(211, 14, 'Kabupaten Katingan', NULL, NULL),
	(212, 14, 'Kabupaten Kotawaringin Barat', NULL, NULL),
	(213, 14, 'Kabupaten Kotawaringin Timur', NULL, NULL),
	(214, 14, 'Kabupaten Lamandau', NULL, NULL),
	(215, 14, 'Kabupaten Murung Raya', NULL, NULL),
	(216, 14, 'Kabupaten Pulang Pisau', NULL, NULL),
	(217, 14, 'Kabupaten Sukamara', NULL, NULL),
	(218, 14, 'Kabupaten Seruyan', NULL, NULL),
	(219, 14, 'Kota Palangka Raya', NULL, NULL),
	(220, 15, 'Kota Samarinda', NULL, NULL),
	(221, 15, 'Kota Balikpapan', NULL, NULL),
	(222, 15, 'Kabupaten Berau', NULL, NULL),
	(223, 15, 'Kabupaten Kutai Barat', NULL, NULL),
	(224, 15, 'Kabupaten Kutai Kartanegara', NULL, NULL),
	(225, 15, 'Kabupaten Kutai Timur', NULL, NULL),
	(226, 15, 'Kabupaten Mahakam Ulu', NULL, NULL),
	(227, 15, 'Kabupaten Paser', NULL, NULL),
	(228, 15, 'Kabupaten Penajam Paser Utara', NULL, NULL),
	(229, 15, 'Kota Bontang', NULL, NULL),
	(230, 16, 'Kabupaten Nunukan', NULL, NULL),
	(231, 16, 'Kabupaten Bulungan', NULL, NULL),
	(232, 16, 'Kabupaten Malinau', NULL, NULL),
	(233, 16, 'Kabupaten Tana Tidung', NULL, NULL),
	(234, 16, 'Kota Tarakan', NULL, NULL),
	(235, 17, 'Kabupaten Bangka', NULL, NULL),
	(236, 17, 'Kota Pangkalpinang', NULL, NULL),
	(237, 17, 'Kabupaten Bangka Barat', NULL, NULL),
	(238, 17, 'Kabupaten Bangka Selatan', NULL, NULL),
	(239, 17, 'Kabupaten Bangka Tengah', NULL, NULL),
	(240, 17, 'Kabupaten Belitung', NULL, NULL),
	(241, 17, 'Kabupaten Belitung Timur', NULL, NULL),
	(242, 18, 'Kabupaten Bintan', NULL, NULL),
	(243, 18, 'Kabupaten Karimun', NULL, NULL),
	(244, 18, 'Kabupaten Kepulauan Anambas', NULL, NULL),
	(245, 18, 'Kabupaten Lingga', NULL, NULL),
	(246, 18, 'Kabupaten Natuna', NULL, NULL),
	(247, 18, 'Kota Batam', NULL, NULL),
	(248, 18, 'Kota Tanjungpinang', NULL, NULL),
	(249, 19, 'Kabupaten Lampung Timur', NULL, NULL),
	(250, 19, 'Kota Metro', NULL, NULL),
	(251, 19, 'Kabupaten Lampung Tengah', NULL, NULL),
	(252, 19, 'Kabupaten Lampung Selatan', NULL, NULL),
	(253, 19, 'Kabupaten Pringsewu', NULL, NULL),
	(254, 19, 'Kabupaten Lampung Utara', NULL, NULL),
	(255, 19, 'Kabupaten Lampung Barat', NULL, NULL),
	(256, 19, 'Kabupaten Mesuji', NULL, NULL),
	(257, 19, 'Kabupaten Pesawaran', NULL, NULL),
	(258, 19, 'Kabupaten Pesisir Barat', NULL, NULL),
	(259, 19, 'Kabupaten Tanggamus', NULL, NULL),
	(260, 19, 'Kabupaten Tulang Bawang', NULL, NULL),
	(261, 19, 'Kabupaten Tulang Bawang Barat', NULL, NULL),
	(262, 19, 'Kabupaten Way Kanan', NULL, NULL),
	(263, 19, 'Kota Bandar Lampung', NULL, NULL),
	(264, 20, 'Kabupaten Seram Bagian Timur', NULL, NULL),
	(265, 20, 'Kabupaten Buru', NULL, NULL),
	(266, 20, 'Kabupaten Buru Selatan', NULL, NULL),
	(267, 20, 'Kabupaten Kepulauan Aru', NULL, NULL),
	(268, 20, 'Kabupaten Maluku Barat Daya', NULL, NULL),
	(269, 20, 'Kabupaten Maluku Tengah', NULL, NULL),
	(270, 20, 'Kabupaten Maluku Tenggara', NULL, NULL),
	(271, 20, 'Kabupaten Kepulauan Tanimbar', NULL, NULL),
	(272, 20, 'Kabupaten Seram Bagian Barat', NULL, NULL),
	(273, 20, 'Kota Ambon', NULL, NULL),
	(274, 20, 'Kota Tual', NULL, NULL),
	(275, 21, 'Kota Ternate', NULL, NULL),
	(276, 21, 'Kabupaten Halmahera Timur', NULL, NULL),
	(277, 21, 'Kabupaten Halmahera Selatan', NULL, NULL),
	(278, 21, 'Kabupaten Kepulauan Sula', NULL, NULL),
	(279, 21, 'Kabupaten Halmahera Barat', NULL, NULL),
	(280, 21, 'Kabupaten Halmahera Tengah', NULL, NULL),
	(281, 21, 'Kabupaten Halmahera Utara', NULL, NULL),
	(282, 21, 'Kabupaten Pulau Morotai', NULL, NULL),
	(283, 21, 'Kabupaten Pulau Taliabu', NULL, NULL),
	(284, 21, 'Kota Tidore Kepulauan', NULL, NULL),
	(285, 22, 'Kabupaten Bima', NULL, NULL),
	(286, 22, 'Kabupaten Dompu', NULL, NULL),
	(287, 22, 'Kabupaten Lombok Barat', NULL, NULL),
	(288, 22, 'Kabupaten Lombok Tengah', NULL, NULL),
	(289, 22, 'Kabupaten Lombok Timur', NULL, NULL),
	(290, 22, 'Kabupaten Lombok Utara', NULL, NULL),
	(291, 22, 'Kabupaten Sumbawa', NULL, NULL),
	(292, 22, 'Kabupaten Sumbawa Barat', NULL, NULL),
	(293, 22, 'Kota Bima', NULL, NULL),
	(294, 22, 'Kota Mataram', NULL, NULL),
	(295, 23, 'Kabupaten Alor', NULL, NULL),
	(296, 23, 'Kabupaten Belu', NULL, NULL),
	(297, 23, 'Kabupaten Ende', NULL, NULL),
	(298, 23, 'Kabupaten Flores Timur', NULL, NULL),
	(299, 23, 'Kabupaten Kupang', NULL, NULL),
	(300, 23, 'Kabupaten Lembata', NULL, NULL),
	(301, 23, 'Kabupaten Malaka', NULL, NULL),
	(302, 23, 'Kabupaten Manggarai', NULL, NULL),
	(303, 23, 'Kabupaten Manggarai Barat', NULL, NULL),
	(304, 23, 'Kabupaten Manggarai Timur', NULL, NULL),
	(305, 23, 'Kabupaten Nagekeo', NULL, NULL),
	(306, 23, 'Kabupaten Ngada', NULL, NULL),
	(307, 23, 'Kabupaten Rote Ndao', NULL, NULL),
	(308, 23, 'Kabupaten Sabu Raijua', NULL, NULL),
	(309, 23, 'Kabupaten Sikka', NULL, NULL),
	(310, 23, 'Kabupaten Sumba Barat', NULL, NULL),
	(311, 23, 'Kabupaten Sumba Barat Daya', NULL, NULL),
	(312, 23, 'Kabupaten Sumba Tengah', NULL, NULL),
	(313, 23, 'Kabupaten Sumba Timur', NULL, NULL),
	(314, 23, 'Kabupaten Timor Tengah Selatan', NULL, NULL),
	(315, 23, 'Kabupaten Timor Tengah Utara', NULL, NULL),
	(316, 23, 'Kota Kupang', NULL, NULL),
	(317, 24, 'Kabupaten Merauke', NULL, NULL),
	(318, 24, 'Kabupaten Keerom', NULL, NULL),
	(319, 24, 'Kabupaten Waropen', NULL, NULL),
	(320, 24, 'Kabupaten Mimika', NULL, NULL),
	(321, 24, 'Kabupaten Paniai', NULL, NULL),
	(322, 24, 'Kabupaten Asmat', NULL, NULL),
	(323, 24, 'Kabupaten Biak Numfor', NULL, NULL),
	(324, 24, 'Kabupaten Boven Digoel', NULL, NULL),
	(325, 24, 'Kabupaten Deiyai', NULL, NULL),
	(326, 24, 'Kabupaten Dogiyai', NULL, NULL),
	(327, 24, 'Kabupaten Intan Jaya', NULL, NULL),
	(328, 24, 'Kabupaten Jayapura', NULL, NULL),
	(329, 24, 'Kabupaten Jayawijaya', NULL, NULL),
	(330, 24, 'Kabupaten Kepulauan Yapen', NULL, NULL),
	(331, 24, 'Kabupaten Lanny Jaya', NULL, NULL),
	(332, 24, 'Kabupaten Mamberamo Raya', NULL, NULL),
	(333, 24, 'Kabupaten Mamberamo Tengah', NULL, NULL),
	(334, 24, 'Kabupaten Mappi', NULL, NULL),
	(335, 24, 'Kabupaten Nabire', NULL, NULL),
	(336, 24, 'Kabupaten Nduga', NULL, NULL),
	(337, 24, 'Kabupaten Pegunungan Bintang', NULL, NULL),
	(338, 24, 'Kabupaten Puncak', NULL, NULL),
	(339, 24, 'Kabupaten Puncak Jaya', NULL, NULL),
	(340, 24, 'Kabupaten Sarmi', NULL, NULL),
	(341, 24, 'Kabupaten Supiori', NULL, NULL),
	(342, 24, 'Kabupaten Tolikara', NULL, NULL),
	(343, 24, 'Kabupaten Yahukimo', NULL, NULL),
	(344, 24, 'Kabupaten Yalimo', NULL, NULL),
	(345, 24, 'Kota Jayapura', NULL, NULL),
	(346, 25, 'Kabupaten Sorong', NULL, NULL),
	(347, 25, 'Kabupaten Fakfak', NULL, NULL),
	(348, 25, 'Kabupaten Kaimana', NULL, NULL),
	(349, 25, 'Kabupaten Manokwari', NULL, NULL),
	(350, 25, 'Kabupaten Manokwari Selatan', NULL, NULL),
	(351, 25, 'Kabupaten Maybrat', NULL, NULL),
	(352, 25, 'Kabupaten Pegunungan Arfak', NULL, NULL),
	(353, 25, 'Kabupaten Raja Ampat', NULL, NULL),
	(354, 25, 'Kabupaten Sorong Selatan', NULL, NULL),
	(355, 25, 'Kabupaten Tambrauw', NULL, NULL),
	(356, 25, 'Kabupaten Teluk Bintuni', NULL, NULL),
	(357, 25, 'Kabupaten Teluk Wondama', NULL, NULL),
	(358, 25, 'Kota Sorong', NULL, NULL),
	(359, 26, 'Kabupaten Bengkalis', NULL, NULL),
	(360, 26, 'Kabupaten Indragiri Hilir', NULL, NULL),
	(361, 26, 'Kabupaten Indragiri Hulu', NULL, NULL),
	(362, 26, 'Kabupaten Kampar', NULL, NULL),
	(363, 26, 'Kabupaten Kepulauan Meranti', NULL, NULL),
	(364, 26, 'Kabupaten Kuantan Singingi', NULL, NULL),
	(365, 26, 'Kabupaten Pelalawan', NULL, NULL),
	(366, 26, 'Kabupaten Rokan Hilir', NULL, NULL),
	(367, 26, 'Kabupaten Rokan Hulu', NULL, NULL),
	(368, 26, 'Kabupaten Siak', NULL, NULL),
	(369, 26, 'Kota Dumai', NULL, NULL),
	(370, 26, 'Kota Pekanbaru', NULL, NULL),
	(371, 27, 'Kabupaten Mamuju', NULL, NULL),
	(372, 27, 'Kabupaten Mamasa', NULL, NULL),
	(373, 27, 'Kabupaten Polewali Mandar', NULL, NULL),
	(374, 27, 'Kabupaten Majene', NULL, NULL),
	(375, 27, 'Kabupaten Mamuju Tengah', NULL, NULL),
	(376, 27, 'Kabupaten Pasangkayu', NULL, NULL),
	(377, 28, 'Kabupaten Gowa ', NULL, NULL),
	(378, 28, 'Kabupaten Bantaeng ', NULL, NULL),
	(379, 28, 'Kabupaten Barru ', NULL, NULL),
	(380, 28, 'Kabupaten Bone ', NULL, NULL),
	(381, 28, 'Kabupaten Bulukumba ', NULL, NULL),
	(382, 28, 'Kabupaten Enrekang ', NULL, NULL),
	(383, 28, 'Kabupaten Jeneponto ', NULL, NULL),
	(384, 28, 'Kabupaten Kepulauan Selayar ', NULL, NULL),
	(385, 28, 'Kabupaten Luwu ', NULL, NULL),
	(386, 28, 'Kabupaten Luwu Timur ', NULL, NULL),
	(387, 28, 'Kabupaten Luwu Utara ', NULL, NULL),
	(388, 28, 'Kabupaten Maros ', NULL, NULL),
	(389, 28, 'Kabupaten Pangkajene dan Kepulauan ', NULL, NULL),
	(390, 28, 'Kabupaten Pinrang ', NULL, NULL),
	(391, 28, 'Kabupaten Sidenreng Rappang ', NULL, NULL),
	(392, 28, 'Kabupaten Sinjai ', NULL, NULL),
	(393, 28, 'Kabupaten Soppeng ', NULL, NULL),
	(394, 28, 'Kabupaten Takalar ', NULL, NULL),
	(395, 28, 'Kabupaten Tana Toraja ', NULL, NULL),
	(396, 28, 'Kabupaten Toraja Utara ', NULL, NULL),
	(397, 28, 'Kabupaten Wajo ', NULL, NULL),
	(398, 28, 'Kota Makassar ', NULL, NULL),
	(399, 28, 'Kota Palopo ', NULL, NULL),
	(400, 28, 'Kota Parepare', NULL, NULL),
	(401, 29, 'Kabupaten Banggai', NULL, NULL),
	(402, 29, 'Kabupaten Banggai Kepulauan', NULL, NULL),
	(403, 29, 'Kabupaten Banggai Laut', NULL, NULL),
	(404, 29, 'Kabupaten Buol', NULL, NULL),
	(405, 29, 'Kabupaten Donggala', NULL, NULL),
	(406, 29, 'Kabupaten Morowali', NULL, NULL),
	(407, 29, 'Kabupaten Morowali Utara', NULL, NULL),
	(408, 29, 'Kabupaten Parigi Moutong', NULL, NULL),
	(409, 29, 'Kabupaten Poso', NULL, NULL),
	(410, 29, 'Kabupaten Sigi', NULL, NULL),
	(411, 29, 'Kabupaten Tojo Una-Una', NULL, NULL),
	(412, 29, 'Kabupaten Tolitoli', NULL, NULL),
	(413, 29, 'Kota Palu', NULL, NULL),
	(414, 30, 'Kabupaten Bombana', NULL, NULL),
	(415, 30, 'Kabupaten Buton', NULL, NULL),
	(416, 30, 'Kabupaten Buton Selatan', NULL, NULL),
	(417, 30, 'Kabupaten Buton Tengah', NULL, NULL),
	(418, 30, 'Kabupaten Buton Utara', NULL, NULL),
	(419, 30, 'Kabupaten Kolaka', NULL, NULL),
	(420, 30, 'Kabupaten Kolaka Timur', NULL, NULL),
	(421, 30, 'Kabupaten Kolaka Utara', NULL, NULL),
	(422, 30, 'Kabupaten Konawe', NULL, NULL),
	(423, 30, 'Kabupaten Konawe Kepulauan', NULL, NULL),
	(424, 30, 'Kabupaten Konawe Selatan', NULL, NULL),
	(425, 30, 'Kabupaten Konawe Utara', NULL, NULL),
	(426, 30, 'Kabupaten Muna', NULL, NULL),
	(427, 30, 'Kabupaten Muna Barat', NULL, NULL),
	(428, 30, 'Kabupaten Wakatobi', NULL, NULL),
	(429, 30, 'Kota Bau-Bau', NULL, NULL),
	(430, 30, 'Kota Kendari', NULL, NULL),
	(431, 31, 'Kabupaten Bolaang Mongondow', NULL, NULL),
	(432, 31, 'Kabupaten Bolaang Mongondow Selatan', NULL, NULL),
	(433, 31, 'Kabupaten Bolaang Mongondow Timur', NULL, NULL),
	(434, 31, 'Kabupaten Bolaang Mongondow Utara', NULL, NULL),
	(435, 31, 'Kabupaten Kepulauan Sangihe', NULL, NULL),
	(436, 31, 'Kabupaten Kepulauan Siau Tagulandang Biaro', NULL, NULL),
	(437, 31, 'Kabupaten Kepulauan Talaud', NULL, NULL),
	(438, 31, 'Kabupaten Minahasa', NULL, NULL),
	(439, 31, 'Kabupaten Minahasa Selatan', NULL, NULL),
	(440, 31, 'Kabupaten Minahasa Tenggara', NULL, NULL),
	(441, 31, 'Kabupaten Minahasa Utara', NULL, NULL),
	(442, 31, 'Kota Bitung', NULL, NULL),
	(443, 31, 'Kota Kotamobagu', NULL, NULL),
	(444, 31, 'Kota Manado', NULL, NULL),
	(445, 31, 'Kota Tomohon', NULL, NULL),
	(446, 32, 'Kabupaten Agam', NULL, NULL),
	(447, 32, 'Kabupaten Dharmasraya', NULL, NULL),
	(448, 32, 'Kabupaten Kepulauan Mentawai', NULL, NULL),
	(449, 32, 'Kabupaten Lima Puluh Kota', NULL, NULL),
	(450, 32, 'Kabupaten Padang Pariaman', NULL, NULL),
	(451, 32, 'Kabupaten Pasaman', NULL, NULL),
	(452, 32, 'Kabupaten Pasaman Barat', NULL, NULL),
	(453, 32, 'Kabupaten Pesisir Selatan', NULL, NULL),
	(454, 32, 'Kabupaten Sijunjung', NULL, NULL),
	(455, 32, 'Kabupaten Solok', NULL, NULL),
	(456, 32, 'Kabupaten Solok Selatan', NULL, NULL),
	(457, 32, 'Kabupaten Tanah Datar', NULL, NULL),
	(458, 32, 'Kota Bukittinggi', NULL, NULL),
	(459, 32, 'Kota Padang', NULL, NULL),
	(460, 32, 'Kota Padangpanjang', NULL, NULL),
	(461, 32, 'Kota Pariaman', NULL, NULL),
	(462, 32, 'Kota Payakumbuh', NULL, NULL),
	(463, 32, 'Kota Sawahlunto', NULL, NULL),
	(464, 32, 'Kota Solok', NULL, NULL),
	(465, 33, 'Kabupaten Banyuasin', NULL, NULL),
	(466, 33, 'Kota Prabumulih', NULL, NULL),
	(467, 33, 'Kabupaten Empat Lawang', NULL, NULL),
	(468, 33, 'Kabupaten Lahat', NULL, NULL),
	(469, 33, 'Kabupaten Muara Enim', NULL, NULL),
	(470, 33, 'Kabupaten Musi Banyuasin', NULL, NULL),
	(471, 33, 'Kabupaten Musi Rawas', NULL, NULL),
	(472, 33, 'Kabupaten Musi Rawas Utara', NULL, NULL),
	(473, 33, 'Kabupaten Ogan Ilir', NULL, NULL),
	(474, 33, 'Kabupaten Ogan Komering Ilir', NULL, NULL),
	(475, 33, 'Kabupaten Ogan Komering Ulu', NULL, NULL),
	(476, 33, 'Kabupaten Ogan Komering Ulu Selatan', NULL, NULL),
	(477, 33, 'Kabupaten Ogan Komering Ulu Timur', NULL, NULL),
	(478, 33, 'Kabupaten Penukal Abab Lematang Ilir', NULL, NULL),
	(479, 33, 'Kota Lubuklinggau', NULL, NULL),
	(480, 33, 'Kota Pagar Alam', NULL, NULL),
	(481, 33, 'Kota Palembang', NULL, NULL),
	(482, 34, 'Kabupaten Nias Utara', NULL, NULL),
	(483, 34, 'Kabupaten Labuhanbatu Selatan', NULL, NULL),
	(484, 34, 'Kabupaten Deli Serdang', NULL, NULL),
	(485, 34, 'Kabupaten Asahan', NULL, NULL),
	(486, 34, 'Kabupaten Batu Bara', NULL, NULL),
	(487, 34, 'Kabupaten Dairi', NULL, NULL),
	(488, 34, 'Kabupaten Humbang Hasundutan', NULL, NULL),
	(489, 34, 'Kabupaten Karo', NULL, NULL),
	(490, 34, 'Kabupaten Labuhanbatu', NULL, NULL),
	(491, 34, 'Kabupaten Labuhanbatu Utara', NULL, NULL),
	(492, 34, 'Kabupaten Langkat', NULL, NULL),
	(493, 34, 'Kabupaten Mandailing Natal', NULL, NULL),
	(494, 34, 'Kabupaten Nias', NULL, NULL),
	(495, 34, 'Kabupaten Nias Barat', NULL, NULL),
	(496, 34, 'Kabupaten Nias Selatan', NULL, NULL),
	(497, 34, 'Kabupaten Padang Lawas', NULL, NULL),
	(498, 34, 'Kabupaten Padang Lawas Utara', NULL, NULL),
	(499, 34, 'Kabupaten Pakpak Bharat', NULL, NULL),
	(500, 34, 'Kabupaten Samosir', NULL, NULL),
	(501, 34, 'Kabupaten Serdang Bedagai', NULL, NULL),
	(502, 34, 'Kabupaten Simalungun', NULL, NULL),
	(503, 34, 'Kabupaten Tapanuli Selatan', NULL, NULL),
	(504, 34, 'Kabupaten Tapanuli Tengah', NULL, NULL),
	(505, 34, 'Kabupaten Tapanuli Utara', NULL, NULL),
	(506, 34, 'Kabupaten Toba', NULL, NULL),
	(507, 34, 'Kota Binjai', NULL, NULL),
	(508, 34, 'Kota Gunungsitoli', NULL, NULL),
	(509, 34, 'Kota Medan', NULL, NULL),
	(510, 34, 'Kota Padangsidempuan', NULL, NULL),
	(511, 34, 'Kota Pematangsiantar', NULL, NULL),
	(512, 34, 'Kota Sibolga', NULL, NULL),
	(513, 34, 'Kota Tanjungbalai', NULL, NULL),
	(514, 34, 'Kota Tebing Tinggi', NULL, NULL);

-- Dumping structure for table testing_lpmaarif.kategori_satpen
CREATE TABLE IF NOT EXISTS `kategori_satpen` (
  `id_kategori` bigint unsigned NOT NULL AUTO_INCREMENT,
  `nm_kategori` enum('A','B','C','D') CHARACTER SET utf8mb4 COLLATE utf8mb4_unicode_ci NOT NULL,
  `konotasi` varchar(100) CHARACTER SET utf8mb4 COLLATE utf8mb4_unicode_ci NOT NULL,
  `keterangan` varchar(255) CHARACTER SET utf8mb4 COLLATE utf8mb4_unicode_ci DEFAULT NULL,
  `created_at` timestamp NULL DEFAULT NULL,
  `updated_at` timestamp NULL DEFAULT NULL,
  PRIMARY KEY (`id_kategori`)
) ENGINE=InnoDB AUTO_INCREMENT=5 DEFAULT CHARSET=utf8mb4 COLLATE=utf8mb4_unicode_ci;

-- Dumping data for table testing_lpmaarif.kategori_satpen: ~4 rows (approximately)
DELETE FROM `kategori_satpen`;
INSERT INTO `kategori_satpen` (`id_kategori`, `nm_kategori`, `konotasi`, `keterangan`, `created_at`, `updated_at`) VALUES
	(1, 'A', 'yayasan bhpnu dan tanah milik nu (jami\'yah)', 'Dan memberikan izin kepada satuan pendidikan tersebut untuk menyelenggarakan pendidikan menggunakan Akta Perkumpulan Nahdlatul Ulama (BHPNU).', '2023-10-31 15:14:46', '2023-10-31 15:14:46'),
	(2, 'B', 'yayasan bhpnu dan tanah milik masyarakat nu', 'Dan memberikan izin kepada satuan pendidikan tersebut untuk menyelenggarakan pendidikan menggunakan Akta Perkumpulan Nahdlatul Ulama (BHPNU).', '2023-10-31 15:14:46', '2023-10-31 15:14:46'),
	(3, 'C', 'yayasan non bhpnu dan tanah milik nu (jam\'iyah)', '', '2023-10-31 15:14:46', '2023-10-31 15:14:46'),
	(4, 'D', 'yayasan non bhpnu dan tanah milik masyarakat nu', '', '2023-10-31 15:14:46', '2023-10-31 15:14:46');

-- Dumping structure for table testing_lpmaarif.migrations
CREATE TABLE IF NOT EXISTS `migrations` (
  `id` int unsigned NOT NULL AUTO_INCREMENT,
  `migration` varchar(255) CHARACTER SET utf8mb4 COLLATE utf8mb4_unicode_ci NOT NULL,
  `batch` int NOT NULL,
  PRIMARY KEY (`id`)
) ENGINE=InnoDB AUTO_INCREMENT=11 DEFAULT CHARSET=utf8mb4 COLLATE=utf8mb4_unicode_ci;

-- Dumping data for table testing_lpmaarif.migrations: ~9 rows (approximately)
DELETE FROM `migrations`;
INSERT INTO `migrations` (`id`, `migration`, `batch`) VALUES
	(1, '2019_12_14_000001_create_personal_access_tokens_table', 1),
	(2, '2023_03_15_081028_create_users_table', 1),
	(3, '2023_03_15_081029_create_satpen_table', 1),
	(4, '2023_03_15_083957_create_informasi_table', 1),
	(5, '2023_07_26_050046_create_password_reset_table', 1),
	(6, '2023_07_28_025058_create_bhpnu_table', 1),
	(7, '2023_07_28_025058_create_oss_table', 1),
	(8, '2023_07_28_025058_create_virtual_npsn_table', 1),
	(9, '2023_10_30_094812_create_access_token_table', 1),
	(10, '2023_11_03_065306_create_settings_table', 2);

-- Dumping structure for table testing_lpmaarif.oss
CREATE TABLE IF NOT EXISTS `oss` (
  `id_oss` bigint unsigned NOT NULL AUTO_INCREMENT,
  `id_user` bigint unsigned NOT NULL,
  `kode_unik` varchar(50) CHARACTER SET utf8mb4 COLLATE utf8mb4_unicode_ci NOT NULL,
  `bukti_bayar` varchar(255) CHARACTER SET utf8mb4 COLLATE utf8mb4_unicode_ci NOT NULL,
  `tanggal` date DEFAULT NULL,
  `tgl_izin` date DEFAULT NULL,
  `tgl_expired` date DEFAULT NULL,
  `status` enum('mengisi persyaratan','verifikasi','perbaikan','dokumen diproses','izin terbit') CHARACTER SET utf8mb4 COLLATE utf8mb4_unicode_ci NOT NULL DEFAULT 'mengisi persyaratan',
  `created_at` timestamp NULL DEFAULT NULL,
  `updated_at` timestamp NULL DEFAULT NULL,
  PRIMARY KEY (`id_oss`),
  KEY `oss_id_user_foreign` (`id_user`),
  CONSTRAINT `oss_id_user_foreign` FOREIGN KEY (`id_user`) REFERENCES `users` (`id_user`) ON DELETE CASCADE ON UPDATE CASCADE
) ENGINE=InnoDB AUTO_INCREMENT=3 DEFAULT CHARSET=utf8mb4 COLLATE=utf8mb4_unicode_ci;

-- Dumping data for table testing_lpmaarif.oss: ~0 rows (approximately)
DELETE FROM `oss`;
INSERT INTO `oss` (`id_oss`, `id_user`, `kode_unik`, `bukti_bayar`, `tanggal`, `tgl_izin`, `tgl_expired`, `status`, `created_at`, `updated_at`) VALUES
	(2, 498, '', '', '2024-09-20', NULL, NULL, 'mengisi persyaratan', '2024-09-20 02:09:04', '2024-09-20 02:09:04');

-- Dumping structure for table testing_lpmaarif.oss_status
CREATE TABLE IF NOT EXISTS `oss_status` (
  `id` bigint unsigned NOT NULL AUTO_INCREMENT,
  `id_oss` bigint unsigned NOT NULL,
  `statusType` varchar(20) CHARACTER SET utf8mb4 COLLATE utf8mb4_unicode_ci NOT NULL,
  `icon` varchar(50) CHARACTER SET utf8mb4 COLLATE utf8mb4_unicode_ci NOT NULL,
  `textstatus` varchar(50) CHARACTER SET utf8mb4 COLLATE utf8mb4_unicode_ci NOT NULL,
  `status` enum('success','failed') CHARACTER SET utf8mb4 COLLATE utf8mb4_unicode_ci DEFAULT NULL,
  `keterangan` varchar(255) CHARACTER SET utf8mb4 COLLATE utf8mb4_unicode_ci DEFAULT NULL,
  `created_at` timestamp NULL DEFAULT NULL,
  `updated_at` timestamp NULL DEFAULT NULL,
  PRIMARY KEY (`id`),
  KEY `oss_status_id_oss_foreign` (`id_oss`),
  CONSTRAINT `oss_status_id_oss_foreign` FOREIGN KEY (`id_oss`) REFERENCES `oss` (`id_oss`) ON DELETE CASCADE ON UPDATE CASCADE
) ENGINE=InnoDB AUTO_INCREMENT=11 DEFAULT CHARSET=utf8mb4 COLLATE=utf8mb4_unicode_ci;

-- Dumping data for table testing_lpmaarif.oss_status: ~5 rows (approximately)
DELETE FROM `oss_status`;
INSERT INTO `oss_status` (`id`, `id_oss`, `statusType`, `icon`, `textstatus`, `status`, `keterangan`, `created_at`, `updated_at`) VALUES
	(6, 2, 'mengisi persyaratan', 'ti-keyboard', 'Mengisi Persyaratan', 'success', NULL, NULL, NULL),
	(7, 2, 'verifikasi', 'ti-building-bank', 'Verifikasi', NULL, NULL, NULL, NULL),
	(8, 2, 'perbaikan', 'ti-checkup-list', 'Diterima Verifikator', NULL, NULL, NULL, NULL),
	(9, 2, 'dokumen diproses', 'ti-manual-gearbox', 'Sedang Diproses', NULL, NULL, NULL, NULL),
	(10, 2, 'izin terbit', 'ti-fingerprint', 'Izin Telah Terbit', NULL, NULL, NULL, NULL);

-- Dumping structure for table testing_lpmaarif.password_resets
CREATE TABLE IF NOT EXISTS `password_resets` (
  `id` bigint unsigned NOT NULL AUTO_INCREMENT,
  `email` varchar(255) CHARACTER SET utf8mb4 COLLATE utf8mb4_unicode_ci NOT NULL,
  `token` varchar(255) CHARACTER SET utf8mb4 COLLATE utf8mb4_unicode_ci NOT NULL,
  `created_at` timestamp NULL DEFAULT NULL,
  `updated_at` timestamp NULL DEFAULT NULL,
  PRIMARY KEY (`id`),
  KEY `password_resets_email_index` (`email`)
) ENGINE=InnoDB AUTO_INCREMENT=2 DEFAULT CHARSET=utf8mb4 COLLATE=utf8mb4_unicode_ci;

-- Dumping data for table testing_lpmaarif.password_resets: ~0 rows (approximately)
DELETE FROM `password_resets`;
INSERT INTO `password_resets` (`id`, `email`, `token`, `created_at`, `updated_at`) VALUES
	(1, 'lpmaariftabanan@gmail.com', 'CSwFAOUcYhThmhgUOKzcQ8HVR9upZTQP1t4BOliIKRivzsSKU5LaFkKfEbUQOEiX', '2023-11-01 02:36:47', '2023-11-01 02:36:47');

-- Dumping structure for table testing_lpmaarif.pengurus_cabang
CREATE TABLE IF NOT EXISTS `pengurus_cabang` (
  `id_pc` bigint unsigned NOT NULL AUTO_INCREMENT,
  `id_prov` bigint unsigned NOT NULL,
  `kode_kab` varchar(10) CHARACTER SET utf8mb4 COLLATE utf8mb4_unicode_ci NOT NULL,
  `nama_pc` varchar(255) CHARACTER SET utf8mb4 COLLATE utf8mb4_unicode_ci NOT NULL,
  `created_at` timestamp NULL DEFAULT NULL,
  `updated_at` timestamp NULL DEFAULT NULL,
  PRIMARY KEY (`id_pc`),
  KEY `pengurus_cabang_id_prov_foreign` (`id_prov`),
  CONSTRAINT `pengurus_cabang_id_prov_foreign` FOREIGN KEY (`id_prov`) REFERENCES `provinsi` (`id_prov`) ON DELETE CASCADE ON UPDATE CASCADE
) ENGINE=InnoDB AUTO_INCREMENT=520 DEFAULT CHARSET=utf8mb4 COLLATE=utf8mb4_unicode_ci;

-- Dumping data for table testing_lpmaarif.pengurus_cabang: ~519 rows (approximately)
DELETE FROM `pengurus_cabang`;
INSERT INTO `pengurus_cabang` (`id_pc`, `id_prov`, `kode_kab`, `nama_pc`, `created_at`, `updated_at`) VALUES
	(1, 1, '01', 'Cabang Kabupaten Kediri', NULL, NULL),
	(2, 1, '02', 'Cabang Kabupaten Lumajang', NULL, NULL),
	(3, 1, '03', 'Cabang Kabupaten Ngawi', NULL, NULL),
	(4, 1, '04', 'Cabang Kabupaten Trenggalek ', NULL, NULL),
	(5, 1, '05', 'Cabang Kabupaten Magetan', NULL, NULL),
	(6, 1, '06', 'Cabang Bawean', NULL, NULL),
	(7, 1, '07', 'Cabang Kabupaten Sidoarjo', NULL, NULL),
	(8, 1, '08', 'Cabang Kota Madiun ', NULL, NULL),
	(9, 1, '09', 'Cabang Bangil', NULL, NULL),
	(10, 1, '10', 'Cabang Kabupaten Bojonegoro', NULL, NULL),
	(11, 1, '11', 'Cabang Kabupaten Tuban ', NULL, NULL),
	(12, 1, '12', 'Cabang Kota Surabaya', NULL, NULL),
	(13, 1, '13', 'Cabang Kabupaten Malang', NULL, NULL),
	(14, 1, '14', 'Cabang Kota Probolinggo ', NULL, NULL),
	(15, 1, '15', 'Cabang Kabupaten Ponorogo', NULL, NULL),
	(16, 1, '16', 'Cabang Kencong', NULL, NULL),
	(17, 1, '17', 'Cabang Kota Batu ', NULL, NULL),
	(18, 1, '18', 'Cabang Kabupaten Lamongan', NULL, NULL),
	(19, 1, '19', 'Cabang Kabupaten Gresik', NULL, NULL),
	(20, 1, '20', 'Cabang Kabupaten Nganjuk', NULL, NULL),
	(21, 1, '21', 'Cabang Kabupaten Sampang', NULL, NULL),
	(22, 1, '22', 'Cabang Kabupaten Pasuruan', NULL, NULL),
	(23, 1, '23', 'Cabang Kabupaten Mojokerto', NULL, NULL),
	(24, 1, '24', 'Cabang Kabupaten Tulungagung ', NULL, NULL),
	(25, 1, '25', 'Cabang Kabupaten Bondowoso', NULL, NULL),
	(26, 1, '26', 'Cabang Kabupaten Jombang', NULL, NULL),
	(27, 1, '27', 'Cabang Kabupaten Banyuwangi', NULL, NULL),
	(28, 1, '28', 'Cabang Kabupaten Bangkalan', NULL, NULL),
	(29, 1, '29', 'Cabang Kota Blitar ', NULL, NULL),
	(30, 1, '30', 'Cabang Kabupaten Blitar', NULL, NULL),
	(31, 1, '31', 'Cabang Kota Malang ', NULL, NULL),
	(32, 1, '32', 'Cabang Kabupaten Pacitan', NULL, NULL),
	(33, 1, '33', 'Cabang Kabupaten Situbondo', NULL, NULL),
	(34, 1, '34', 'Cabang Kota Pasuruan ', NULL, NULL),
	(35, 1, '35', 'Cabang Babat', NULL, NULL),
	(36, 1, '36', 'Cabang Kraksan', NULL, NULL),
	(37, 1, '37', 'Cabang Kabupaten Jember', NULL, NULL),
	(38, 1, '38', 'Cabang Kabupaten Pamekasan', NULL, NULL),
	(39, 1, '39', 'Cabang Kota Kediri ', NULL, NULL),
	(40, 1, '40', 'Cabang Kabupaten Madiun', NULL, NULL),
	(41, 1, '41', 'Cabang Kabupaten Probolinggo', NULL, NULL),
	(42, 1, '42', 'Cabang Kabupaten Sumenep ', NULL, NULL),
	(43, 1, '43', 'Cabang Kota Mojokerto ', NULL, NULL),
	(44, 2, '01', 'Cabang Kabupaten Tegal ', NULL, NULL),
	(45, 2, '02', 'Cabang Kabupaten Pekalongan ', NULL, NULL),
	(46, 2, '03', 'Cabang Kabupaten Kebumen ', NULL, NULL),
	(47, 2, '04', 'Cabang Kabupaten Purbalingga ', NULL, NULL),
	(48, 2, '05', 'Cabang Kabupaten Blora ', NULL, NULL),
	(49, 2, '06', 'Cabang Kabupaten Banyumas ', NULL, NULL),
	(50, 2, '07', 'Cabang Kabupaten Wonosobo ', NULL, NULL),
	(51, 2, '08', 'Cabang Kabupaten Pemalang ', NULL, NULL),
	(52, 2, '09', 'Cabang Kabupaten Cilacap ', NULL, NULL),
	(53, 2, '10', 'Cabang Kabupaten Banjarnegara ', NULL, NULL),
	(54, 2, '11', 'Cabang Kabupaten Semarang ', NULL, NULL),
	(55, 2, '12', 'Cabang Kabupaten Pati ', NULL, NULL),
	(56, 2, '13', 'Cabang Kabupaten Kendal ', NULL, NULL),
	(57, 2, '14', 'Cabang Kabupaten Rembang ', NULL, NULL),
	(58, 2, '15', 'Cabang Kabupaten Magelang ', NULL, NULL),
	(59, 2, '16', 'Cabang Kabupaten Batang ', NULL, NULL),
	(60, 2, '17', 'Cabang Kabupaten Boyolali ', NULL, NULL),
	(61, 2, '18', 'Cabang Kabupaten Brebes ', NULL, NULL),
	(62, 2, '19', 'Cabang Kabupaten Demak ', NULL, NULL),
	(63, 2, '20', 'Cabang Kabupaten Grobogan ', NULL, NULL),
	(64, 2, '21', 'Cabang Kabupaten Jepara ', NULL, NULL),
	(65, 2, '22', 'Cabang Kabupaten Karanganyar ', NULL, NULL),
	(66, 2, '23', 'Cabang Kabupaten Klaten ', NULL, NULL),
	(67, 2, '24', 'Cabang Kabupaten Kudus ', NULL, NULL),
	(68, 2, '25', 'Cabang Kabupaten Purworejo ', NULL, NULL),
	(69, 2, '26', 'Cabang Kabupaten Sragen ', NULL, NULL),
	(70, 2, '27', 'Cabang Kabupaten Sukoharjo ', NULL, NULL),
	(71, 2, '28', 'Cabang Kabupaten Temanggung ', NULL, NULL),
	(72, 2, '29', 'Cabang Kabupaten Wonogiri ', NULL, NULL),
	(73, 2, '30', 'Cabang Kota Magelang ', NULL, NULL),
	(74, 2, '31', 'Cabang Kota Pekalongan ', NULL, NULL),
	(75, 2, '32', 'Cabang Kota Salatiga ', NULL, NULL),
	(76, 2, '33', 'Cabang Kota Semarang ', NULL, NULL),
	(77, 2, '34', 'Cabang Kota Surakarta ', NULL, NULL),
	(78, 2, '35', 'Cabang Kota Tegal', NULL, NULL),
	(79, 3, '01', 'Cabang Kabupaten Badung', NULL, NULL),
	(80, 3, '02', 'Cabang Kabupaten Bangli', NULL, NULL),
	(81, 3, '03', 'Cabang Kabupaten Buleleng', NULL, NULL),
	(82, 3, '04', 'Cabang Kabupaten Gianyar', NULL, NULL),
	(83, 3, '05', 'Cabang Kabupaten Jembrana', NULL, NULL),
	(84, 3, '06', 'Cabang Kabupaten Karangasem', NULL, NULL),
	(85, 3, '07', 'Cabang Kabupaten Klungkung', NULL, NULL),
	(86, 3, '08', 'Cabang Kabupaten Tabanan', NULL, NULL),
	(87, 3, '09', 'Cabang Kota Denpasar', NULL, NULL),
	(88, 4, '01', 'Cabang Kabupaten Lebak ', NULL, NULL),
	(89, 4, '02', 'Cabang Kabupaten Pandeglang ', NULL, NULL),
	(90, 4, '03', 'Cabang Kabupaten Serang ', NULL, NULL),
	(91, 4, '04', 'Cabang Kabupaten Tangerang ', NULL, NULL),
	(92, 4, '05', 'Cabang Kota Cilegon ', NULL, NULL),
	(93, 4, '06', 'Cabang Kota Serang ', NULL, NULL),
	(94, 4, '07', 'Cabang Kota Tangerang ', NULL, NULL),
	(95, 4, '08', 'Cabang Kota Tangerang Selatan', NULL, NULL),
	(96, 5, '01', 'Cabang Kabupaten Bengkulu Utara', NULL, NULL),
	(97, 5, '02', 'Cabang Kabupaten Kaur', NULL, NULL),
	(98, 5, '03', 'Cabang Kabupaten Bengkulu Selatan', NULL, NULL),
	(99, 5, '04', 'Cabang Kabupaten Bengkulu Tengah', NULL, NULL),
	(100, 5, '05', 'Cabang Kabupaten Kepahiang', NULL, NULL),
	(101, 5, '06', 'Cabang Kabupaten Lebong', NULL, NULL),
	(102, 5, '07', 'Cabang Kabupaten Mukomuko', NULL, NULL),
	(103, 5, '08', 'Cabang Kabupaten Rejang Lebong', NULL, NULL),
	(104, 5, '09', 'Cabang Kabupaten Seluma', NULL, NULL),
	(105, 5, '10', 'Cabang Kota Bengkulu', NULL, NULL),
	(106, 6, '01', 'Cabang Kota Administrasi Jakarta Barat ', NULL, NULL),
	(107, 6, '02', 'Cabang Kota Administrasi Jakarta Pusat ', NULL, NULL),
	(108, 6, '03', 'Cabang Kota Administrasi Jakarta Selatan ', NULL, NULL),
	(109, 6, '04', 'Cabang Kota Administrasi Jakarta Timur ', NULL, NULL),
	(110, 6, '05', 'Cabang Kota Administrasi Jakarta Utara ', NULL, NULL),
	(111, 6, '06', 'Cabang Kabupaten Administrasi Kepulauan Seribu ', NULL, NULL),
	(112, 7, '01', 'Cabang Kabupaten Sleman', NULL, NULL),
	(113, 7, '02', 'Cabang Kabupaten Bantul', NULL, NULL),
	(114, 7, '03', 'Cabang Kabupaten Gunung Kidul', NULL, '2023-11-02 08:15:48'),
	(115, 7, '04', 'Cabang Kabupaten Kulon Progo', NULL, NULL),
	(116, 7, '05', 'Cabang Kota Yogyakarta', NULL, NULL),
	(117, 8, '01', 'Cabang Kabupaten Gorontalo', NULL, NULL),
	(118, 8, '02', 'Cabang Kabupaten Pohuwato', NULL, NULL),
	(119, 8, '03', 'Cabang Kabupaten Boalemo', NULL, NULL),
	(120, 8, '04', 'Cabang Kabupaten Bone Bolango', NULL, NULL),
	(121, 8, '05', 'Cabang Kabupaten Gorontalo Utara', NULL, NULL),
	(122, 8, '06', 'Cabang Kota Gorontalo', NULL, NULL),
	(123, 9, '01', 'Cabang Kabupaten Sarolangun', NULL, NULL),
	(124, 9, '02', 'Cabang Kabupaten Batanghari', NULL, NULL),
	(125, 9, '03', 'Cabang Kabupaten Bungo', NULL, NULL),
	(126, 9, '04', 'Cabang Kabupaten Kerinci', NULL, NULL),
	(127, 9, '05', 'Cabang Kabupaten Merangin', NULL, NULL),
	(128, 9, '06', 'Cabang Kabupaten Muaro Jambi', NULL, NULL),
	(129, 9, '07', 'Cabang Kabupaten Tanjung Jabung Barat', NULL, NULL),
	(130, 9, '08', 'Cabang Kabupaten Tanjung Jabung Timur', NULL, NULL),
	(131, 9, '09', 'Cabang Kabupaten Tebo', NULL, NULL),
	(132, 9, '10', 'Cabang Kota Jambi', NULL, NULL),
	(133, 9, '11', 'Cabang Kota Sungaipenuh', NULL, NULL),
	(134, 10, '01', 'Cabang Kabupaten Karawang ', NULL, NULL),
	(135, 10, '02', 'Cabang Kota Bandung ', NULL, NULL),
	(136, 10, '03', 'Cabang Kabupaten Indramayu ', NULL, NULL),
	(137, 10, '04', 'Cabang Kabupaten Sumedang ', NULL, NULL),
	(138, 10, '05', 'Cabang Kota Tasikmalaya', NULL, NULL),
	(139, 10, '06', 'Cabang Kota Banjar ', NULL, NULL),
	(140, 10, '07', 'Cabang Kabupaten Kuningan ', NULL, NULL),
	(141, 10, '08', 'Cabang Kabupaten Ciamis ', NULL, NULL),
	(142, 10, '09', 'Cabang Kabupaten Cirebon ', NULL, NULL),
	(143, 10, '10', 'Cabang Kabupaten Bekasi ', NULL, NULL),
	(144, 10, '11', 'Cabang Kabupaten Purwakarta ', NULL, NULL),
	(145, 10, '12', 'Cabang Kabupaten Bandung ', NULL, NULL),
	(146, 10, '13', 'Cabang Kabupaten Bandung Barat ', NULL, NULL),
	(147, 10, '14', 'Cabang Kabupaten Bogor ', NULL, NULL),
	(148, 10, '15', 'Cabang Kabupaten Cianjur ', NULL, NULL),
	(149, 10, '16', 'Cabang Kabupaten Garut ', NULL, NULL),
	(150, 10, '17', 'Cabang Kabupaten Majalengka ', NULL, NULL),
	(151, 10, '18', 'Cabang Kabupaten Pangandaran ', NULL, NULL),
	(152, 10, '19', 'Cabang Kabupaten Subang ', NULL, NULL),
	(153, 10, '20', 'Cabang Kabupaten Sukabumi ', NULL, NULL),
	(154, 10, '21', 'Cabang Kabupaten Tasikmalaya ', NULL, NULL),
	(155, 10, '22', 'Cabang Kota Bekasi ', NULL, NULL),
	(156, 10, '23', 'Cabang Kota Bogor ', NULL, NULL),
	(157, 10, '24', 'Cabang Kota Cimahi ', NULL, NULL),
	(158, 10, '25', 'Cabang Kota Cirebon ', NULL, NULL),
	(159, 10, '26', 'Cabang Kota Depok ', NULL, NULL),
	(160, 10, '27', 'Cabang Kota Sukabumi ', NULL, NULL),
	(161, 11, '01', 'Cabang Kabupaten Aceh Barat', NULL, NULL),
	(162, 11, '02', 'Cabang Kabupaten Aceh Barat Daya', NULL, NULL),
	(163, 11, '03', 'Cabang Kabupaten Aceh Besar', NULL, NULL),
	(164, 11, '04', 'Cabang Kabupaten Aceh Jaya', NULL, NULL),
	(165, 11, '05', 'Cabang Kabupaten Aceh Selatan', NULL, NULL),
	(166, 11, '06', 'Cabang Kabupaten Aceh Singkil', NULL, NULL),
	(167, 11, '07', 'Cabang Kabupaten Aceh Tamiang', NULL, NULL),
	(168, 11, '08', 'Cabang Kabupaten Aceh Tengah', NULL, NULL),
	(169, 11, '09', 'Cabang Kabupaten Aceh Tenggara', NULL, NULL),
	(170, 11, '10', 'Cabang Kabupaten Aceh Timur', NULL, NULL),
	(171, 11, '11', 'Cabang Kabupaten Aceh Utara', NULL, NULL),
	(172, 11, '12', 'Cabang Kabupaten Bener Meriah', NULL, NULL),
	(173, 11, '13', 'Cabang Kabupaten Bireuen', NULL, NULL),
	(174, 11, '14', 'Cabang Kabupaten Gayo Lues', NULL, NULL),
	(175, 11, '15', 'Cabang Kabupaten Nagan Raya', NULL, NULL),
	(176, 11, '16', 'Cabang Kabupaten Pidie', NULL, NULL),
	(177, 11, '17', 'Cabang Kabupaten Pidie Jaya', NULL, NULL),
	(178, 11, '18', 'Cabang Kabupaten Simeulue', NULL, NULL),
	(179, 11, '19', 'Cabang Kota Banda Aceh', NULL, NULL),
	(180, 11, '20', 'Cabang Kota Langsa', NULL, NULL),
	(181, 11, '21', 'Cabang Kota Lhokseumawe', NULL, NULL),
	(182, 11, '22', 'Cabang Kota Sabang', NULL, NULL),
	(183, 11, '23', 'Cabang Kota Subulussalam', NULL, NULL),
	(184, 12, '01', 'Cabang Kabupaten Sintang', NULL, NULL),
	(185, 12, '02', 'Cabang Kabupaten Bengkayang', NULL, NULL),
	(186, 12, '03', 'Cabang Kabupaten Kapuas Hulu', NULL, NULL),
	(187, 12, '04', 'Cabang Kabupaten Kayong Utara', NULL, NULL),
	(188, 12, '05', 'Cabang Kabupaten Ketapang', NULL, NULL),
	(189, 12, '06', 'Cabang Kabupaten Kubu Raya', NULL, NULL),
	(190, 12, '07', 'Cabang Kabupaten Landak', NULL, NULL),
	(191, 12, '08', 'Cabang Kabupaten Melawi', NULL, NULL),
	(192, 12, '09', 'Cabang Kabupaten Mempawah', NULL, NULL),
	(193, 12, '10', 'Cabang Kabupaten Sambas', NULL, NULL),
	(194, 12, '11', 'Cabang Kabupaten Sanggau', NULL, NULL),
	(195, 12, '12', 'Cabang Kabupaten Sekadau', NULL, NULL),
	(196, 12, '13', 'Cabang Kota Pontianak', NULL, NULL),
	(197, 12, '14', 'Cabang Kota Singkawang', NULL, NULL),
	(198, 13, '01', 'Cabang Kota Banjarmasin', NULL, NULL),
	(199, 13, '02', 'Cabang Kabupaten Tanah Bumbu', NULL, NULL),
	(200, 13, '03', 'Cabang Kabupaten Balangan', NULL, NULL),
	(201, 13, '04', 'Cabang Kabupaten Banjar', NULL, NULL),
	(202, 13, '05', 'Cabang Kabupaten Barito Kuala', NULL, NULL),
	(203, 13, '06', 'Cabang Kabupaten Hulu Sungai Selatan', NULL, NULL),
	(204, 13, '07', 'Cabang Kabupaten Hulu Sungai Tengah', NULL, NULL),
	(205, 13, '08', 'Cabang Kabupaten Hulu Sungai Utara', NULL, NULL),
	(206, 13, '09', 'Cabang Kabupaten Kotabaru', NULL, NULL),
	(207, 13, '10', 'Cabang Kabupaten Tabalong', NULL, NULL),
	(208, 13, '11', 'Cabang Kabupaten Tanah Laut', NULL, NULL),
	(209, 13, '12', 'Cabang Kabupaten Tapin', NULL, NULL),
	(210, 13, '13', 'Cabang Kota Banjarbaru', NULL, NULL),
	(211, 14, '01', 'Cabang Kabupaten Barito Selatan', NULL, NULL),
	(212, 14, '02', 'Cabang Kabupaten Barito Timur', NULL, NULL),
	(213, 14, '03', 'Cabang Kabupaten Barito Utara', NULL, NULL),
	(214, 14, '04', 'Cabang Kabupaten Gunung Mas', NULL, NULL),
	(215, 14, '05', 'Cabang Kabupaten Kapuas', NULL, NULL),
	(216, 14, '06', 'Cabang Kabupaten Katingan', NULL, NULL),
	(217, 14, '07', 'Cabang Kabupaten Kotawaringin Barat', NULL, NULL),
	(218, 14, '08', 'Cabang Kabupaten Kotawaringin Timur', NULL, NULL),
	(219, 14, '09', 'Cabang Kabupaten Lamandau', NULL, NULL),
	(220, 14, '10', 'Cabang Kabupaten Murung Raya', NULL, NULL),
	(221, 14, '11', 'Cabang Kabupaten Pulang Pisau', NULL, NULL),
	(222, 14, '12', 'Cabang Kabupaten Sukamara', NULL, NULL),
	(223, 14, '13', 'Cabang Kabupaten Seruyan', NULL, NULL),
	(224, 14, '14', 'Cabang Kota Palangka Raya', NULL, NULL),
	(225, 15, '01', 'Cabang Kota Samarinda', NULL, NULL),
	(226, 15, '02', 'Cabang Kota Balikpapan', NULL, NULL),
	(227, 15, '03', 'Cabang Kabupaten Berau', NULL, NULL),
	(228, 15, '04', 'Cabang Kabupaten Kutai Barat', NULL, NULL),
	(229, 15, '05', 'Cabang Kabupaten Kutai Kartanegara', NULL, NULL),
	(230, 15, '06', 'Cabang Kabupaten Kutai Timur', NULL, NULL),
	(231, 15, '07', 'Cabang Kabupaten Mahakam Ulu', NULL, NULL),
	(232, 15, '08', 'Cabang Kabupaten Paser', NULL, NULL),
	(233, 15, '09', 'Cabang Kabupaten Penajam Paser Utara', NULL, NULL),
	(234, 15, '10', 'Cabang Kota Bontang', NULL, NULL),
	(235, 16, '01', 'Cabang Kabupaten Nunukan', NULL, NULL),
	(236, 16, '02', 'Cabang Kabupaten Bulungan', NULL, NULL),
	(237, 16, '03', 'Cabang Kabupaten Malinau', NULL, NULL),
	(238, 16, '04', 'Cabang Kabupaten Tana Tidung', NULL, NULL),
	(239, 16, '05', 'Cabang Kota Tarakan', NULL, NULL),
	(240, 17, '01', 'Cabang Kabupaten Bangka', NULL, NULL),
	(241, 17, '02', 'Cabang Kota Pangkalpinang', NULL, NULL),
	(242, 17, '03', 'Cabang Kabupaten Bangka Barat', NULL, NULL),
	(243, 17, '04', 'Cabang Kabupaten Bangka Selatan', NULL, NULL),
	(244, 17, '05', 'Cabang Kabupaten Bangka Tengah', NULL, NULL),
	(245, 17, '06', 'Cabang Kabupaten Belitung', NULL, NULL),
	(246, 17, '07', 'Cabang Kabupaten Belitung Timur', NULL, NULL),
	(247, 18, '01', 'Cabang Kabupaten Bintan', NULL, NULL),
	(248, 18, '02', 'Cabang Kabupaten Karimun', NULL, NULL),
	(249, 18, '03', 'Cabang Kabupaten Kepulauan Anambas', NULL, NULL),
	(250, 18, '04', 'Cabang Kabupaten Lingga', NULL, NULL),
	(251, 18, '05', 'Cabang Kabupaten Natuna', NULL, NULL),
	(252, 18, '06', 'Cabang Kota Batam', NULL, NULL),
	(253, 18, '07', 'Cabang Kota Tanjungpinang', NULL, NULL),
	(254, 19, '01', 'Cabang Kabupaten Lampung Timur', NULL, NULL),
	(255, 19, '02', 'Cabang Kota Metro', NULL, NULL),
	(256, 19, '03', 'Cabang Kabupaten Lampung Tengah', NULL, NULL),
	(257, 19, '04', 'Cabang Kabupaten Lampung Selatan', NULL, NULL),
	(258, 19, '05', 'Cabang Kabupaten Pringsewu', NULL, NULL),
	(259, 19, '06', 'Cabang Kabupaten Lampung Utara', NULL, NULL),
	(260, 19, '07', 'Cabang Kabupaten Lampung Barat', NULL, NULL),
	(261, 19, '08', 'Cabang Kabupaten Mesuji', NULL, NULL),
	(262, 19, '09', 'Cabang Kabupaten Pesawaran', NULL, NULL),
	(263, 19, '10', 'Cabang Kabupaten Pesisir Barat', NULL, NULL),
	(264, 19, '11', 'Cabang Kabupaten Tanggamus', NULL, NULL),
	(265, 19, '12', 'Cabang Kabupaten Tulang Bawang', NULL, NULL),
	(266, 19, '13', 'Cabang Kabupaten Tulang Bawang Barat', NULL, NULL),
	(267, 19, '14', 'Cabang Kabupaten Way Kanan', NULL, NULL),
	(268, 19, '15', 'Cabang Kota Bandar Lampung', NULL, NULL),
	(269, 20, '01', 'Cabang Kabupaten Seram Bagian Timur', NULL, NULL),
	(270, 20, '02', 'Cabang Kabupaten Buru', NULL, NULL),
	(271, 20, '03', 'Cabang Kabupaten Buru Selatan', NULL, NULL),
	(272, 20, '04', 'Cabang Kabupaten Kepulauan Aru', NULL, NULL),
	(273, 20, '05', 'Cabang Kabupaten Maluku Barat Daya', NULL, NULL),
	(274, 20, '06', 'Cabang Kabupaten Maluku Tengah', NULL, NULL),
	(275, 20, '07', 'Cabang Kabupaten Maluku Tenggara', NULL, NULL),
	(276, 20, '08', 'Cabang Kabupaten Kepulauan Tanimbar', NULL, NULL),
	(277, 20, '09', 'Cabang Kabupaten Seram Bagian Barat', NULL, NULL),
	(278, 20, '10', 'Cabang Kota Ambon', NULL, NULL),
	(279, 20, '11', 'Cabang Kota Tual', NULL, NULL),
	(280, 21, '01', 'Cabang Kota Ternate', NULL, NULL),
	(281, 21, '02', 'Cabang Kabupaten Halmahera Timur', NULL, NULL),
	(282, 21, '03', 'Cabang Kabupaten Halmahera Selatan', NULL, NULL),
	(283, 21, '04', 'Cabang Kabupaten Kepulauan Sula', NULL, NULL),
	(284, 21, '05', 'Cabang Kabupaten Halmahera Barat', NULL, NULL),
	(285, 21, '06', 'Cabang Kabupaten Halmahera Tengah', NULL, NULL),
	(286, 21, '07', 'Cabang Kabupaten Halmahera Utara', NULL, NULL),
	(287, 21, '08', 'Cabang Kabupaten Pulau Morotai', NULL, NULL),
	(288, 21, '09', 'Cabang Kabupaten Pulau Taliabu', NULL, NULL),
	(289, 21, '10', 'Cabang Kota Tidore Kepulauan', NULL, NULL),
	(290, 22, '01', 'Cabang Kabupaten Bima', NULL, NULL),
	(291, 22, '02', 'Cabang Kabupaten Dompu', NULL, NULL),
	(292, 22, '03', 'Cabang Kabupaten Lombok Barat', NULL, NULL),
	(293, 22, '04', 'Cabang Kabupaten Lombok Tengah', NULL, NULL),
	(294, 22, '05', 'Cabang Kabupaten Lombok Timur', NULL, NULL),
	(295, 22, '06', 'Cabang Kabupaten Lombok Utara', NULL, NULL),
	(296, 22, '07', 'Cabang Kabupaten Sumbawa', NULL, NULL),
	(297, 22, '08', 'Cabang Kabupaten Sumbawa Barat', NULL, NULL),
	(298, 22, '09', 'Cabang Kota Bima', NULL, NULL),
	(299, 22, '10', 'Cabang Kota Mataram', NULL, NULL),
	(300, 23, '01', 'Cabang Kabupaten Alor', NULL, NULL),
	(301, 23, '02', 'Cabang Kabupaten Belu', NULL, NULL),
	(302, 23, '03', 'Cabang Kabupaten Ende', NULL, NULL),
	(303, 23, '04', 'Cabang Kabupaten Flores Timur', NULL, NULL),
	(304, 23, '05', 'Cabang Kabupaten Kupang', NULL, NULL),
	(305, 23, '06', 'Cabang Kabupaten Lembata', NULL, NULL),
	(306, 23, '07', 'Cabang Kabupaten Malaka', NULL, NULL),
	(307, 23, '08', 'Cabang Kabupaten Manggarai', NULL, NULL),
	(308, 23, '09', 'Cabang Kabupaten Manggarai Barat', NULL, NULL),
	(309, 23, '10', 'Cabang Kabupaten Manggarai Timur', NULL, NULL),
	(310, 23, '11', 'Cabang Kabupaten Nagekeo', NULL, NULL),
	(311, 23, '12', 'Cabang Kabupaten Ngada', NULL, NULL),
	(312, 23, '13', 'Cabang Kabupaten Rote Ndao', NULL, NULL),
	(313, 23, '14', 'Cabang Kabupaten Sabu Raijua', NULL, NULL),
	(314, 23, '15', 'Cabang Kabupaten Sikka', NULL, NULL),
	(315, 23, '16', 'Cabang Kabupaten Sumba Barat', NULL, NULL),
	(316, 23, '17', 'Cabang Kabupaten Sumba Barat Daya', NULL, NULL),
	(317, 23, '18', 'Cabang Kabupaten Sumba Tengah', NULL, NULL),
	(318, 23, '19', 'Cabang Kabupaten Sumba Timur', NULL, NULL),
	(319, 23, '20', 'Cabang Kabupaten Timor Tengah Selatan', NULL, NULL),
	(320, 23, '21', 'Cabang Kabupaten Timor Tengah Utara', NULL, NULL),
	(321, 23, '22', 'Cabang Kota Kupang', NULL, NULL),
	(322, 24, '01', 'Cabang Kabupaten Merauke', NULL, NULL),
	(323, 24, '02', 'Cabang Kabupaten Keerom', NULL, NULL),
	(324, 24, '03', 'Cabang Kabupaten Waropen', NULL, NULL),
	(325, 24, '04', 'Cabang Kabupaten Mimika', NULL, NULL),
	(326, 24, '05', 'Cabang Kabupaten Paniai', NULL, NULL),
	(327, 24, '06', 'Cabang Kabupaten Asmat', NULL, NULL),
	(328, 24, '07', 'Cabang Kabupaten Biak Numfor', NULL, NULL),
	(329, 24, '08', 'Cabang Kabupaten Boven Digoel', NULL, NULL),
	(330, 24, '09', 'Cabang Kabupaten Deiyai', NULL, NULL),
	(331, 24, '10', 'Cabang Kabupaten Dogiyai', NULL, NULL),
	(332, 24, '11', 'Cabang Kabupaten Intan Jaya', NULL, NULL),
	(333, 24, '12', 'Cabang Kabupaten Jayapura', NULL, NULL),
	(334, 24, '13', 'Cabang Kabupaten Jayawijaya', NULL, NULL),
	(335, 24, '14', 'Cabang Kabupaten Kepulauan Yapen', NULL, NULL),
	(336, 24, '15', 'Cabang Kabupaten Lanny Jaya', NULL, NULL),
	(337, 24, '16', 'Cabang Kabupaten Mamberamo Raya', NULL, NULL),
	(338, 24, '17', 'Cabang Kabupaten Mamberamo Tengah', NULL, NULL),
	(339, 24, '18', 'Cabang Kabupaten Mappi', NULL, NULL),
	(340, 24, '19', 'Cabang Kabupaten Nabire', NULL, NULL),
	(341, 24, '20', 'Cabang Kabupaten Nduga', NULL, NULL),
	(342, 24, '21', 'Cabang Kabupaten Pegunungan Bintang', NULL, NULL),
	(343, 24, '22', 'Cabang Kabupaten Puncak', NULL, NULL),
	(344, 24, '23', 'Cabang Kabupaten Puncak Jaya', NULL, NULL),
	(345, 24, '24', 'Cabang Kabupaten Sarmi', NULL, NULL),
	(346, 24, '25', 'Cabang Kabupaten Supiori', NULL, NULL),
	(347, 24, '26', 'Cabang Kabupaten Tolikara', NULL, NULL),
	(348, 24, '27', 'Cabang Kabupaten Yahukimo', NULL, NULL),
	(349, 24, '28', 'Cabang Kabupaten Yalimo', NULL, NULL),
	(350, 24, '29', 'Cabang Kota Jayapura', NULL, NULL),
	(351, 25, '01', 'Cabang Kabupaten Sorong', NULL, NULL),
	(352, 25, '02', 'Cabang Kabupaten Fakfak', NULL, NULL),
	(353, 25, '03', 'Cabang Kabupaten Kaimana', NULL, NULL),
	(354, 25, '04', 'Cabang Kabupaten Manokwari', NULL, NULL),
	(355, 25, '05', 'Cabang Kabupaten Manokwari Selatan', NULL, NULL),
	(356, 25, '06', 'Cabang Kabupaten Maybrat', NULL, NULL),
	(357, 25, '07', 'Cabang Kabupaten Pegunungan Arfak', NULL, NULL),
	(358, 25, '08', 'Cabang Kabupaten Raja Ampat', NULL, NULL),
	(359, 25, '09', 'Cabang Kabupaten Sorong Selatan', NULL, NULL),
	(360, 25, '10', 'Cabang Kabupaten Tambrauw', NULL, NULL),
	(361, 25, '11', 'Cabang Kabupaten Teluk Bintuni', NULL, NULL),
	(362, 25, '12', 'Cabang Kabupaten Teluk Wondama', NULL, NULL),
	(363, 25, '13', 'Cabang Kota Sorong', NULL, NULL),
	(364, 26, '01', 'Cabang Kabupaten Bengkalis', NULL, NULL),
	(365, 26, '02', 'Cabang Kabupaten Indragiri Hilir', NULL, NULL),
	(366, 26, '03', 'Cabang Kabupaten Indragiri Hulu', NULL, NULL),
	(367, 26, '04', 'Cabang Kabupaten Kampar', NULL, NULL),
	(368, 26, '05', 'Cabang Kabupaten Kepulauan Meranti', NULL, NULL),
	(369, 26, '06', 'Cabang Kabupaten Kuantan Singingi', NULL, NULL),
	(370, 26, '07', 'Cabang Kabupaten Pelalawan', NULL, NULL),
	(371, 26, '08', 'Cabang Kabupaten Rokan Hilir', NULL, NULL),
	(372, 26, '09', 'Cabang Kabupaten Rokan Hulu', NULL, NULL),
	(373, 26, '10', 'Cabang Kabupaten Siak', NULL, NULL),
	(374, 26, '11', 'Cabang Kota Dumai', NULL, NULL),
	(375, 26, '12', 'Cabang Kota Pekanbaru', NULL, NULL),
	(376, 27, '01', 'Cabang Kabupaten Mamuju', NULL, NULL),
	(377, 27, '02', 'Cabang Kabupaten Mamasa', NULL, NULL),
	(378, 27, '03', 'Cabang Kabupaten Polewali Mandar', NULL, NULL),
	(379, 27, '04', 'Cabang Kabupaten Majene', NULL, NULL),
	(380, 27, '05', 'Cabang Kabupaten Mamuju Tengah', NULL, NULL),
	(381, 27, '06', 'Cabang Kabupaten Pasangkayu', NULL, NULL),
	(382, 28, '01', 'Cabang Kabupaten Gowa ', NULL, NULL),
	(383, 28, '02', 'Cabang Kabupaten Bantaeng ', NULL, NULL),
	(384, 28, '03', 'Cabang Kabupaten Barru ', NULL, NULL),
	(385, 28, '04', 'Cabang Kabupaten Bone ', NULL, NULL),
	(386, 28, '05', 'Cabang Kabupaten Bulukumba ', NULL, NULL),
	(387, 28, '06', 'Cabang Kabupaten Enrekang ', NULL, NULL),
	(388, 28, '07', 'Cabang Kabupaten Jeneponto ', NULL, NULL),
	(389, 28, '08', 'Cabang Kabupaten Kepulauan Selayar ', NULL, NULL),
	(390, 28, '09', 'Cabang Kabupaten Luwu ', NULL, NULL),
	(391, 28, '10', 'Cabang Kabupaten Luwu Timur ', NULL, NULL),
	(392, 28, '11', 'Cabang Kabupaten Luwu Utara ', NULL, NULL),
	(393, 28, '12', 'Cabang Kabupaten Maros ', NULL, NULL),
	(394, 28, '13', 'Cabang Kabupaten Pangkajene dan Kepulauan ', NULL, NULL),
	(395, 28, '14', 'Cabang Kabupaten Pinrang ', NULL, NULL),
	(396, 28, '15', 'Cabang Kabupaten Sidenreng Rappang ', NULL, NULL),
	(397, 28, '16', 'Cabang Kabupaten Sinjai ', NULL, NULL),
	(398, 28, '17', 'Cabang Kabupaten Soppeng ', NULL, NULL),
	(399, 28, '18', 'Cabang Kabupaten Takalar ', NULL, NULL),
	(400, 28, '19', 'Cabang Kabupaten Tana Toraja ', NULL, NULL),
	(401, 28, '20', 'Cabang Kabupaten Toraja Utara ', NULL, NULL),
	(402, 28, '21', 'Cabang Kabupaten Wajo ', NULL, NULL),
	(403, 28, '22', 'Cabang Kota Makassar ', NULL, NULL),
	(404, 28, '23', 'Cabang Kota Palopo ', NULL, NULL),
	(405, 28, '24', 'Cabang Kota Parepare', NULL, NULL),
	(406, 29, '01', 'Cabang Kabupaten Banggai', NULL, NULL),
	(407, 29, '02', 'Cabang Kabupaten Banggai Kepulauan', NULL, NULL),
	(408, 29, '03', 'Cabang Kabupaten Banggai Laut', NULL, NULL),
	(409, 29, '04', 'Cabang Kabupaten Buol', NULL, NULL),
	(410, 29, '05', 'Cabang Kabupaten Donggala', NULL, NULL),
	(411, 29, '06', 'Cabang Kabupaten Morowali', NULL, NULL),
	(412, 29, '07', 'Cabang Kabupaten Morowali Utara', NULL, NULL),
	(413, 29, '08', 'Cabang Kabupaten Parigi Moutong', NULL, NULL),
	(414, 29, '09', 'Cabang Kabupaten Poso', NULL, NULL),
	(415, 29, '10', 'Cabang Kabupaten Sigi', NULL, NULL),
	(416, 29, '11', 'Cabang Kabupaten Tojo Una-Una', NULL, NULL),
	(417, 29, '12', 'Cabang Kabupaten Tolitoli', NULL, NULL),
	(418, 29, '13', 'Cabang Kota Palu', NULL, NULL),
	(419, 30, '01', 'Cabang Kabupaten Bombana', NULL, NULL),
	(420, 30, '02', 'Cabang Kabupaten Buton', NULL, NULL),
	(421, 30, '03', 'Cabang Kabupaten Buton Selatan', NULL, NULL),
	(422, 30, '04', 'Cabang Kabupaten Buton Tengah', NULL, NULL),
	(423, 30, '05', 'Cabang Kabupaten Buton Utara', NULL, NULL),
	(424, 30, '06', 'Cabang Kabupaten Kolaka', NULL, NULL),
	(425, 30, '07', 'Cabang Kabupaten Kolaka Timur', NULL, NULL),
	(426, 30, '08', 'Cabang Kabupaten Kolaka Utara', NULL, NULL),
	(427, 30, '09', 'Cabang Kabupaten Konawe', NULL, NULL),
	(428, 30, '10', 'Cabang Kabupaten Konawe Kepulauan', NULL, NULL),
	(429, 30, '11', 'Cabang Kabupaten Konawe Selatan', NULL, NULL),
	(430, 30, '12', 'Cabang Kabupaten Konawe Utara', NULL, NULL),
	(431, 30, '13', 'Cabang Kabupaten Muna', NULL, NULL),
	(432, 30, '14', 'Cabang Kabupaten Muna Barat', NULL, NULL),
	(433, 30, '15', 'Cabang Kabupaten Wakatobi', NULL, NULL),
	(434, 30, '16', 'Cabang Kota Bau-Bau', NULL, NULL),
	(435, 30, '17', 'Cabang Kota Kendari', NULL, NULL),
	(436, 31, '01', 'Cabang Kabupaten Bolaang Mongondow', NULL, NULL),
	(437, 31, '02', 'Cabang Kabupaten Bolaang Mongondow Selatan', NULL, NULL),
	(438, 31, '03', 'Cabang Kabupaten Bolaang Mongondow Timur', NULL, NULL),
	(439, 31, '04', 'Cabang Kabupaten Bolaang Mongondow Utara', NULL, NULL),
	(440, 31, '05', 'Cabang Kabupaten Kepulauan Sangihe', NULL, NULL),
	(441, 31, '06', 'Cabang Kabupaten Kepulauan Siau Tagulandang Biaro', NULL, NULL),
	(442, 31, '07', 'Cabang Kabupaten Kepulauan Talaud', NULL, NULL),
	(443, 31, '08', 'Cabang Kabupaten Minahasa', NULL, NULL),
	(444, 31, '09', 'Cabang Kabupaten Minahasa Selatan', NULL, NULL),
	(445, 31, '10', 'Cabang Kabupaten Minahasa Tenggara', NULL, NULL),
	(446, 31, '11', 'Cabang Kabupaten Minahasa Utara', NULL, NULL),
	(447, 31, '12', 'Cabang Kota Bitung', NULL, NULL),
	(448, 31, '13', 'Cabang Kota Kotamobagu', NULL, NULL),
	(449, 31, '14', 'Cabang Kota Manado', NULL, NULL),
	(450, 31, '15', 'Cabang Kota Tomohon', NULL, NULL),
	(451, 32, '01', 'Cabang Kabupaten Agam', NULL, NULL),
	(452, 32, '02', 'Cabang Kabupaten Dharmasraya', NULL, NULL),
	(453, 32, '03', 'Cabang Kabupaten Kepulauan Mentawai', NULL, NULL),
	(454, 32, '04', 'Cabang Kabupaten Lima Puluh Kota', NULL, NULL),
	(455, 32, '05', 'Cabang Kabupaten Padang Pariaman', NULL, NULL),
	(456, 32, '06', 'Cabang Kabupaten Pasaman', NULL, NULL),
	(457, 32, '07', 'Cabang Kabupaten Pasaman Barat', NULL, NULL),
	(458, 32, '08', 'Cabang Kabupaten Pesisir Selatan', NULL, NULL),
	(459, 32, '09', 'Cabang Kabupaten Sijunjung', NULL, NULL),
	(460, 32, '10', 'Cabang Kabupaten Solok', NULL, NULL),
	(461, 32, '11', 'Cabang Kabupaten Solok Selatan', NULL, NULL),
	(462, 32, '12', 'Cabang Kabupaten Tanah Datar', NULL, NULL),
	(463, 32, '13', 'Cabang Kota Bukittinggi', NULL, NULL),
	(464, 32, '14', 'Cabang Kota Padang', NULL, NULL),
	(465, 32, '15', 'Cabang Kota Padangpanjang', NULL, NULL),
	(466, 32, '16', 'Cabang Kota Pariaman', NULL, NULL),
	(467, 32, '17', 'Cabang Kota Payakumbuh', NULL, NULL),
	(468, 32, '18', 'Cabang Kota Sawahlunto', NULL, NULL),
	(469, 32, '19', 'Cabang Kota Solok', NULL, NULL),
	(470, 33, '01', 'Cabang Kabupaten Banyuasin', NULL, NULL),
	(471, 33, '02', 'Cabang Kota Prabumulih', NULL, NULL),
	(472, 33, '03', 'Cabang Kabupaten Empat Lawang', NULL, NULL),
	(473, 33, '04', 'Cabang Kabupaten Lahat', NULL, NULL),
	(474, 33, '05', 'Cabang Kabupaten Muara Enim', NULL, NULL),
	(475, 33, '06', 'Cabang Kabupaten Musi Banyuasin', NULL, NULL),
	(476, 33, '07', 'Cabang Kabupaten Musi Rawas', NULL, NULL),
	(477, 33, '08', 'Cabang Kabupaten Musi Rawas Utara', NULL, NULL),
	(478, 33, '09', 'Cabang Kabupaten Ogan Ilir', NULL, NULL),
	(479, 33, '10', 'Cabang Kabupaten Ogan Komering Ilir', NULL, NULL),
	(480, 33, '11', 'Cabang Kabupaten Ogan Komering Ulu', NULL, NULL),
	(481, 33, '12', 'Cabang Kabupaten Ogan Komering Ulu Selatan', NULL, NULL),
	(482, 33, '13', 'Cabang Kabupaten Ogan Komering Ulu Timur', NULL, NULL),
	(483, 33, '14', 'Cabang Kabupaten Penukal Abab Lematang Ilir', NULL, NULL),
	(484, 33, '15', 'Cabang Kota Lubuklinggau', NULL, NULL),
	(485, 33, '16', 'Cabang Kota Pagar Alam', NULL, NULL),
	(486, 33, '17', 'Cabang Kota Palembang', NULL, NULL),
	(487, 34, '01', 'Cabang Kabupaten Nias Utara', NULL, NULL),
	(488, 34, '02', 'Cabang Kabupaten Labuhanbatu Selatan', NULL, NULL),
	(489, 34, '03', 'Cabang Kabupaten Deli Serdang', NULL, NULL),
	(490, 34, '04', 'Cabang Kabupaten Asahan', NULL, NULL),
	(491, 34, '05', 'Cabang Kabupaten Batu Bara', NULL, NULL),
	(492, 34, '06', 'Cabang Kabupaten Dairi', NULL, NULL),
	(493, 34, '07', 'Cabang Kabupaten Humbang Hasundutan', NULL, NULL),
	(494, 34, '08', 'Cabang Kabupaten Karo', NULL, NULL),
	(495, 34, '09', 'Cabang Kabupaten Labuhanbatu', NULL, NULL),
	(496, 34, '10', 'Cabang Kabupaten Labuhanbatu Utara', NULL, NULL),
	(497, 34, '11', 'Cabang Kabupaten Langkat', NULL, NULL),
	(498, 34, '12', 'Cabang Kabupaten Mandailing Natal', NULL, NULL),
	(499, 34, '13', 'Cabang Kabupaten Nias', NULL, NULL),
	(500, 34, '14', 'Cabang Kabupaten Nias Barat', NULL, NULL),
	(501, 34, '15', 'Cabang Kabupaten Nias Selatan', NULL, NULL),
	(502, 34, '16', 'Cabang Kabupaten Padang Lawas', NULL, NULL),
	(503, 34, '17', 'Cabang Kabupaten Padang Lawas Utara', NULL, NULL),
	(504, 34, '18', 'Cabang Kabupaten Pakpak Bharat', NULL, NULL),
	(505, 34, '19', 'Cabang Kabupaten Samosir', NULL, NULL),
	(506, 34, '20', 'Cabang Kabupaten Serdang Bedagai', NULL, NULL),
	(507, 34, '21', 'Cabang Kabupaten Simalungun', NULL, NULL),
	(508, 34, '22', 'Cabang Kabupaten Tapanuli Selatan', NULL, NULL),
	(509, 34, '23', 'Cabang Kabupaten Tapanuli Tengah', NULL, NULL),
	(510, 34, '24', 'Cabang Kabupaten Tapanuli Utara', NULL, NULL),
	(511, 34, '25', 'Cabang Kabupaten Toba', NULL, NULL),
	(512, 34, '26', 'Cabang Kota Binjai', NULL, NULL),
	(513, 34, '27', 'Cabang Kota Gunungsitoli', NULL, NULL),
	(514, 34, '28', 'Cabang Kota Medan', NULL, NULL),
	(515, 34, '29', 'Cabang Kota Padangsidempuan', NULL, NULL),
	(516, 34, '30', 'Cabang Kota Pematangsiantar', NULL, NULL),
	(517, 34, '31', 'Cabang Kota Sibolga', NULL, NULL),
	(518, 34, '32', 'Cabang Kota Tanjungbalai', NULL, NULL),
	(519, 34, '33', 'Cabang Kota Tebing Tinggi', NULL, NULL);

-- Dumping structure for table testing_lpmaarif.personal_access_tokens
CREATE TABLE IF NOT EXISTS `personal_access_tokens` (
  `id` bigint unsigned NOT NULL AUTO_INCREMENT,
  `tokenable_type` varchar(255) CHARACTER SET utf8mb4 COLLATE utf8mb4_unicode_ci NOT NULL,
  `tokenable_id` bigint unsigned NOT NULL,
  `name` varchar(255) CHARACTER SET utf8mb4 COLLATE utf8mb4_unicode_ci NOT NULL,
  `token` varchar(64) CHARACTER SET utf8mb4 COLLATE utf8mb4_unicode_ci NOT NULL,
  `abilities` text CHARACTER SET utf8mb4 COLLATE utf8mb4_unicode_ci,
  `last_used_at` timestamp NULL DEFAULT NULL,
  `expires_at` timestamp NULL DEFAULT NULL,
  `created_at` timestamp NULL DEFAULT NULL,
  `updated_at` timestamp NULL DEFAULT NULL,
  PRIMARY KEY (`id`),
  UNIQUE KEY `personal_access_tokens_token_unique` (`token`),
  KEY `personal_access_tokens_tokenable_type_tokenable_id_index` (`tokenable_type`,`tokenable_id`)
) ENGINE=InnoDB DEFAULT CHARSET=utf8mb4 COLLATE=utf8mb4_unicode_ci;

-- Dumping data for table testing_lpmaarif.personal_access_tokens: ~0 rows (approximately)
DELETE FROM `personal_access_tokens`;

-- Dumping structure for table testing_lpmaarif.provinsi
CREATE TABLE IF NOT EXISTS `provinsi` (
  `id_prov` bigint unsigned NOT NULL AUTO_INCREMENT,
  `map` varchar(10) CHARACTER SET utf8mb4 COLLATE utf8mb4_unicode_ci DEFAULT NULL,
  `kode_prov` varchar(10) CHARACTER SET utf8mb4 COLLATE utf8mb4_unicode_ci NOT NULL,
  `nm_prov` varchar(100) CHARACTER SET utf8mb4 COLLATE utf8mb4_unicode_ci NOT NULL,
  `created_at` timestamp NULL DEFAULT NULL,
  `updated_at` timestamp NULL DEFAULT NULL,
  PRIMARY KEY (`id_prov`)
) ENGINE=InnoDB AUTO_INCREMENT=35 DEFAULT CHARSET=utf8mb4 COLLATE=utf8mb4_unicode_ci;

-- Dumping data for table testing_lpmaarif.provinsi: ~34 rows (approximately)
DELETE FROM `provinsi`;
INSERT INTO `provinsi` (`id_prov`, `map`, `kode_prov`, `nm_prov`, `created_at`, `updated_at`) VALUES
	(1, 'id-ji', '1', 'Jawa Timur', NULL, NULL),
	(2, 'id-jt', '2', 'Jawa Tengah', NULL, NULL),
	(3, 'id-ba', '3', 'Bali', NULL, NULL),
	(4, 'id-bt', '4', 'Banten', NULL, NULL),
	(5, 'id-be', '5', 'Bengkulu', NULL, NULL),
	(6, 'id-jk', '6', 'DKI Jakarta', NULL, NULL),
	(7, 'id-yo', '7', 'DI Yogyakarta', NULL, NULL),
	(8, 'id-go', '8', 'Gorontalo', NULL, NULL),
	(9, 'id-ja', '9', 'Jambi', NULL, NULL),
	(10, 'id-jr', '10', 'Jawa Barat', NULL, NULL),
	(11, 'id-ac', '11', 'Aceh', NULL, NULL),
	(12, 'id-kb', '12', 'Kalimantan Barat', NULL, NULL),
	(13, 'id-ks', '13', 'Kalimantan Selatan', NULL, NULL),
	(14, 'id-kt', '14', 'Kalimantan Tengah', NULL, NULL),
	(15, 'id-ki', '15', 'Kalimantan Timur', NULL, NULL),
	(16, 'id-ku', '16', 'Kalimantan Utara', NULL, NULL),
	(17, 'id-bb', '17', 'Kepulauan Bangka Belitung', NULL, NULL),
	(18, 'id-kr', '18', 'Kepulauan Riau', NULL, NULL),
	(19, 'id-1024', '19', 'Lampung', NULL, NULL),
	(20, 'id-ma', '20', 'Maluku', NULL, NULL),
	(21, 'id-la', '21', 'Maluku Utara', NULL, NULL),
	(22, 'id-nb', '22', 'Nusa Tenggara Barat', NULL, NULL),
	(23, 'id-nt', '23', 'Nusa Tenggara Timur', NULL, NULL),
	(24, 'id-pa', '24', 'Papua', NULL, NULL),
	(25, 'id-ib', '25', 'Papua Barat', NULL, NULL),
	(26, 'id-ri', '26', 'Riau', NULL, NULL),
	(27, 'id-sr', '27', 'Sulawesi Barat', NULL, NULL),
	(28, 'id-se', '28', 'Sulawesi Selatan', NULL, NULL),
	(29, 'id-st', '29', 'Sulawesi Tengah', NULL, NULL),
	(30, 'id-sg', '30', 'Sulawesi Tenggara', NULL, NULL),
	(31, 'id-sw', '31', 'Sulawesi Utara', NULL, NULL),
	(32, 'id-sb', '32', 'Sumatera Barat', NULL, NULL),
	(33, 'id-sl', '33', 'Sumatera Selatan', NULL, NULL),
	(34, 'id-su', '34', 'Sumatera Utara', NULL, NULL);

-- Dumping structure for table testing_lpmaarif.satpen
CREATE TABLE IF NOT EXISTS `satpen` (
  `id_satpen` bigint unsigned NOT NULL AUTO_INCREMENT,
  `id_user` bigint unsigned NOT NULL,
  `id_prov` bigint unsigned NOT NULL,
  `id_kab` bigint unsigned NOT NULL,
  `id_pc` bigint unsigned NOT NULL,
  `id_kategori` bigint unsigned DEFAULT NULL,
  `id_jenjang` bigint unsigned NOT NULL,
  `npsn` varchar(45) CHARACTER SET utf8mb4 COLLATE utf8mb4_unicode_ci NOT NULL,
  `no_registrasi` varchar(45) CHARACTER SET utf8mb4 COLLATE utf8mb4_unicode_ci NOT NULL,
  `no_urut` varchar(10) CHARACTER SET utf8mb4 COLLATE utf8mb4_unicode_ci NOT NULL,
  `nm_satpen` varchar(255) CHARACTER SET utf8mb4 COLLATE utf8mb4_unicode_ci NOT NULL,
  `yayasan` varchar(255) CHARACTER SET utf8mb4 COLLATE utf8mb4_unicode_ci NOT NULL,
  `kepsek` varchar(100) CHARACTER SET utf8mb4 COLLATE utf8mb4_unicode_ci DEFAULT NULL,
  `telpon` varchar(15) CHARACTER SET utf8mb4 COLLATE utf8mb4_unicode_ci DEFAULT NULL,
  `fax` varchar(15) CHARACTER SET utf8mb4 COLLATE utf8mb4_unicode_ci DEFAULT NULL,
  `email` varchar(100) CHARACTER SET utf8mb4 COLLATE utf8mb4_unicode_ci DEFAULT NULL,
  `thn_berdiri` year DEFAULT NULL,
  `kecamatan` varchar(255) CHARACTER SET utf8mb4 COLLATE utf8mb4_unicode_ci NOT NULL,
  `kelurahan` varchar(255) CHARACTER SET utf8mb4 COLLATE utf8mb4_unicode_ci NOT NULL,
  `alamat` text CHARACTER SET utf8mb4 COLLATE utf8mb4_unicode_ci NOT NULL,
  `aset_tanah` varchar(45) CHARACTER SET utf8mb4 COLLATE utf8mb4_unicode_ci DEFAULT NULL,
  `nm_pemilik` varchar(100) CHARACTER SET utf8mb4 COLLATE utf8mb4_unicode_ci DEFAULT NULL,
  `tgl_registrasi` datetime NOT NULL,
  `actived_date` datetime DEFAULT NULL,
  `status` enum('permohonan','revisi','proses dokumen','setujui','expired','perpanjangan') CHARACTER SET utf8mb4 COLLATE utf8mb4_unicode_ci NOT NULL,
  `created_at` timestamp NULL DEFAULT NULL,
  `updated_at` timestamp NULL DEFAULT NULL,
  PRIMARY KEY (`id_satpen`),
  UNIQUE KEY `satpen_id_user_unique` (`id_user`),
  UNIQUE KEY `satpen_npsn_unique` (`npsn`),
  UNIQUE KEY `satpen_no_registrasi_unique` (`no_registrasi`),
  UNIQUE KEY `satpen_no_urut_unique` (`no_urut`),
  KEY `satpen_id_prov_foreign` (`id_prov`),
  KEY `satpen_id_kab_foreign` (`id_kab`),
  KEY `satpen_id_pc_foreign` (`id_pc`),
  KEY `satpen_id_kategori_foreign` (`id_kategori`),
  KEY `satpen_id_jenjang_foreign` (`id_jenjang`),
  CONSTRAINT `satpen_id_jenjang_foreign` FOREIGN KEY (`id_jenjang`) REFERENCES `jenjang_pendidikan` (`id_jenjang`) ON DELETE CASCADE ON UPDATE CASCADE,
  CONSTRAINT `satpen_id_kab_foreign` FOREIGN KEY (`id_kab`) REFERENCES `kabupaten` (`id_kab`) ON DELETE CASCADE ON UPDATE CASCADE,
  CONSTRAINT `satpen_id_kategori_foreign` FOREIGN KEY (`id_kategori`) REFERENCES `kategori_satpen` (`id_kategori`) ON DELETE CASCADE ON UPDATE CASCADE,
  CONSTRAINT `satpen_id_pc_foreign` FOREIGN KEY (`id_pc`) REFERENCES `pengurus_cabang` (`id_pc`) ON DELETE CASCADE ON UPDATE CASCADE,
  CONSTRAINT `satpen_id_prov_foreign` FOREIGN KEY (`id_prov`) REFERENCES `provinsi` (`id_prov`) ON DELETE CASCADE ON UPDATE CASCADE,
  CONSTRAINT `satpen_id_user_foreign` FOREIGN KEY (`id_user`) REFERENCES `users` (`id_user`) ON DELETE CASCADE ON UPDATE CASCADE
) ENGINE=InnoDB AUTO_INCREMENT=611 DEFAULT CHARSET=utf8mb4 COLLATE=utf8mb4_unicode_ci;

-- Dumping data for table testing_lpmaarif.satpen: ~174 rows (approximately)
DELETE FROM `satpen`;
INSERT INTO `satpen` (`id_satpen`, `id_user`, `id_prov`, `id_kab`, `id_pc`, `id_kategori`, `id_jenjang`, `npsn`, `no_registrasi`, `no_urut`, `nm_satpen`, `yayasan`, `kepsek`, `telpon`, `fax`, `email`, `thn_berdiri`, `kecamatan`, `kelurahan`, `alamat`, `aset_tanah`, `nm_pemilik`, `tgl_registrasi`, `actived_date`, `status`, `created_at`, `updated_at`) VALUES
	(430, 491, 7, 108, 113, NULL, 7, '20400584', '7020001', '0001', 'MIS AL IMAN SOROGENEN', 'BHPNU', NULL, '89688016755', NULL, 'faisolofficial99@gmail.com', '1967', 'KEC. SEWON', 'TIMBULHARJO', 'SOROGENEN TIMBULHARJO', NULL, NULL, '2023-11-02 09:41:12', NULL, 'proses dokumen', '2023-11-02 09:41:12', '2023-12-15 07:07:25'),
	(431, 492, 7, 108, 113, NULL, 7, '20400546', '7020002', '0002', 'MIS MA`ARIF SAMAN', 'BHPNU', NULL, '895391774520', NULL, 'Mimaarifsaman@gmail.com', '1977', 'KEC. SEWON', 'BANGUNHARJO', 'SAMAN BANGUNHARJO', NULL, NULL, '2023-11-02 09:41:14', NULL, 'revisi', '2023-11-02 09:41:14', '2023-11-02 09:41:14'),
	(432, 493, 7, 108, 113, NULL, 6, '70001474', '7020003', '0003', 'SDNU PEMANAHAN', 'BHPNU', NULL, '85729036626', NULL, 'sdnupemanahan@gmail.com', '2016', 'KEC. PLERET', 'PLERET', 'Gg. Durian, Kerto Kidul RT 12, Desa Pleret, Kecamatan Pleret', NULL, NULL, '2023-11-02 09:41:15', NULL, 'expired', '2023-11-02 09:41:15', '2023-11-02 09:41:15'),
	(433, 494, 7, 108, 113, NULL, 7, '20400552', '7020004', '0004', 'MIS MAARIF NGLISENG', 'BHPNU', NULL, '81392301722', NULL, 'misngliseng@gmail.com', '1988', 'KEC. DLINGO', 'MUNTUK', 'NGLISENG RT.07', NULL, NULL, '2023-11-02 09:41:16', NULL, 'expired', '2023-11-02 09:41:16', '2023-11-02 09:41:16'),
	(434, 495, 7, 109, 114, NULL, 7, '60714101', '7030005', '0005', 'MIS YAPPI BADONGAN', 'BHPNU', NULL, '87712359777', NULL, 'miyappibadongan@gmail.com', '1970', 'KEC. SEMIN', 'KARANG SARI', 'BADONGAN, SEMIN, GUNUNGKIDUL - YOGYAKARTA', NULL, NULL, '2023-11-02 09:41:18', NULL, 'expired', '2023-11-02 09:41:18', '2023-11-02 09:41:18'),
	(435, 496, 7, 109, 114, NULL, 7, '60714102', '7030006', '0006', 'MIS YAPPI KARANGPILANG', 'BHPNU', NULL, '85311793119', NULL, 'mi_karangpilang@yahoo.com', '1970', 'KEC. SEMIN', 'REJOSARI', 'KARANGPILANG', NULL, NULL, '2023-11-02 09:41:19', NULL, 'expired', '2023-11-02 09:41:19', '2023-11-02 09:41:19'),
	(436, 497, 7, 109, 114, NULL, 7, '60714103', '7030007', '0007', 'MIS YAPPI KARANG WETAN', 'BHPNU', NULL, '81904012220', NULL, 'miykarangwetan@yahoo.co.id', '1970', 'KEC. SEMIN', 'PUNDUNG SARI', 'KARANG WETAN PUNDUNGSARI', NULL, NULL, '2023-11-02 09:41:20', NULL, 'expired', '2023-11-02 09:41:20', '2023-11-02 09:41:20'),
	(437, 498, 7, 109, 114, NULL, 7, '20402339', '7030008', '0008', 'MIS YAPPI KLEPU', 'BHPNU', NULL, '81392790000', NULL, 'miyappiklepurejosari@yahoo.com', '1970', 'KEC. SEMIN', 'REJOSARI', 'SEMPU LOR, REJOSARI, SEMIN, GUNUNGKIDUL', NULL, NULL, '2023-11-02 09:41:22', NULL, 'setujui', '2023-11-02 09:41:22', '2024-03-29 23:56:13'),
	(438, 499, 7, 109, 114, NULL, 7, '20402351', '7030009', '0009', 'MIS YAPPI PUCUNG', 'BHPNU', NULL, '87804895675', NULL, 'miyappipucung@yahoo.com', '1972', 'KEC. SEMIN', 'CANDI REJO', 'PUCUNG CANDIREJO SEMIN GUNUNGKIDUL', NULL, NULL, '2023-11-02 09:41:23', NULL, 'expired', '2023-11-02 09:41:23', '2023-11-02 09:41:23'),
	(439, 500, 7, 109, 114, NULL, 7, '60714046', '7030010', '0010', 'MIS YAPPI NOLOGATEN', 'BHPNU', NULL, '85728479428', NULL, 'minologaten@gmail.com', '1971', 'KEC. NGAWEN', 'JURANGJERO', 'NOLOGATEN RT 02 RW 03', NULL, NULL, '2023-11-02 09:41:24', NULL, 'expired', '2023-11-02 09:41:24', '2024-02-28 18:50:02'),
	(440, 501, 7, 109, 114, NULL, 7, '60714045', '7030011', '0011', 'MIS YAPPI TOBONG', 'BHPNU', NULL, '81578588267', NULL, 'mi_tobong@yahoo.co.id', '1970', 'KEC. NGAWEN', 'SAMBIREJO', 'TOBONG RT/RW 03/08', NULL, NULL, '2023-11-02 09:41:25', NULL, 'expired', '2023-11-02 09:41:25', '2023-11-02 09:41:25'),
	(441, 502, 7, 109, 114, NULL, 7, '20402337', '7030012', '0012', 'MIS YAPPI NGLEBENG', 'BHPNU', NULL, '81328210071', NULL, 'miyappinglebeng@yahoo.co.id', '1972', 'KEC. NGLIPAR', 'NGLIPAR', 'NGLEBENG,NGLIPAR', NULL, NULL, '2023-11-02 09:41:27', NULL, 'expired', '2023-11-02 09:41:27', '2023-11-02 09:41:27'),
	(442, 503, 7, 109, 114, NULL, 7, '60714063', '7030013', '0013', 'MIS YAPPI NGEMBES', 'BHPNU', NULL, '81904083750', NULL, 'miyappingembes@yahoo.com', '1969', 'KEC. PATUK', 'PENGKOK', 'NGEMBES RT 004/RW 001, PENGKOK, PATUK, GUNUNGKIDUL', NULL, NULL, '2023-11-02 09:41:28', NULL, 'expired', '2023-11-02 09:41:28', '2023-11-02 09:41:28'),
	(443, 504, 7, 109, 114, NULL, 7, '20402263', '7030014', '0014', 'MIS YAPPI SEMOYO', 'BHPNU', NULL, '859138814001', NULL, 'Semoyomiyappi@yahoo.com', '1970', 'KEC. PATUK', 'SEMOYO', 'SEMOYO', NULL, NULL, '2023-11-02 09:41:29', NULL, 'expired', '2023-11-02 09:41:29', '2023-11-02 09:41:29'),
	(444, 505, 7, 109, 114, NULL, 7, '60714065', '7030015', '0015', 'MIS YAPPI GEDAD I', 'BHPNU', NULL, '85292407335', NULL, 'miyappigedad1@gmail.com', '1969', 'KEC. PLAYEN', 'BANYUSOCO', 'Gedad, Banyusoco, Playen, Gunungkidul, D.I. Yogyakarta', NULL, NULL, '2023-11-02 09:41:30', NULL, 'expired', '2023-11-02 09:41:30', '2023-11-02 09:41:30'),
	(445, 506, 7, 109, 114, NULL, 7, '20402329', '7030016', '0016', 'MIS YAPPI GEDAD 2', 'BHPNU', NULL, '85228735049', NULL, 'mi.gedad.2@gmail.com', '1973', 'KEC. PLAYEN', 'BANYUSOCO', 'KLEPU, BANYUSOCO, PLAYEN, GUNUNGKIDUL', NULL, NULL, '2023-11-02 09:41:31', NULL, 'expired', '2023-11-02 09:41:31', '2023-11-02 09:41:31'),
	(446, 507, 7, 109, 114, NULL, 7, '20402328', '7030017', '0017', 'MIS YAPPI GUBUKRUBUH', 'BHPNU', NULL, '81328072368', NULL, 'saifullohh274@gmail.com', '1930', 'KEC. PLAYEN', 'GETAS', 'GUBUKRUBUH', NULL, NULL, '2023-11-02 09:41:32', NULL, 'expired', '2023-11-02 09:41:33', '2023-11-02 09:41:33'),
	(447, 508, 7, 109, 114, NULL, 7, '60714068', '7030018', '0018', 'MIS YAPPI BANYUSOCO', 'BHPNU', NULL, '81393928123', NULL, 'mis_banyusoco@yahoo.com', '1955', 'KEC. PLAYEN', 'BANYUSOCO', 'SAWAHLOR,BANYUSOCO,PLAYEN,GUNUNGKIDUL,D.I.YOGYAKARTA', NULL, NULL, '2023-11-02 09:41:34', NULL, 'expired', '2023-11-02 09:41:34', '2023-11-02 09:41:34'),
	(448, 509, 7, 109, 114, NULL, 7, '20402334', '7030019', '0019', 'MIS YAPPI BANJARAN', 'BHPNU', NULL, '87839739753', NULL, 'miyappibanjaran.paliyan@gmail.com', '1970', 'KEC. PALIYAN', 'KARANGASEM', 'BANJARAN', NULL, NULL, '2023-11-02 09:41:35', NULL, 'expired', '2023-11-02 09:41:35', '2023-11-02 09:41:35'),
	(449, 510, 7, 109, 114, NULL, 7, '20402262', '7030020', '0020', 'MIS YAPPI MULUSAN', 'BHPNU', NULL, '895380204610', NULL, 'kalilamaulida1@gmail.com', '1962', 'KEC. PALIYAN', 'MULUSAN', 'Kenteng RT 06 RW 02', NULL, NULL, '2023-11-02 09:41:36', NULL, 'expired', '2023-11-02 09:41:36', '2023-11-02 09:41:36'),
	(450, 511, 7, 109, 114, NULL, 7, '60714111', '7030021', '0021', 'MIS YAPPI BANSARI', 'BHPNU', NULL, '81802767619', NULL, 'aguspriyono100@gmail.com', '1971', 'KEC. WONOSARI', 'KEPEK', 'BANSARI KEPEK WONOSARI', NULL, NULL, '2023-11-02 09:41:37', NULL, 'expired', '2023-11-02 09:41:37', '2023-11-02 09:41:37'),
	(451, 512, 7, 109, 114, NULL, 7, '60714113', '7030022', '0022', 'MIS YAPPI RANDUKUNING', 'BHPNU', NULL, '81904048254', NULL, 'mujiyanaspd@yahoo.com', '1970', 'KEC. WONOSARI', 'SELANG', 'RANDUKUNING SELANG WONOSARI GUNUNGKIDUL', NULL, NULL, '2023-11-02 09:41:38', NULL, 'expired', '2023-11-02 09:41:38', '2023-11-02 09:41:38'),
	(452, 513, 7, 109, 114, NULL, 7, '60714114', '7030023', '0023', 'MIS MAARIF MULO', 'BHPNU', NULL, '82134318011', NULL, 'maarifmulo@yahoo.co.id', '2008', 'KEC. WONOSARI', 'MULO', 'Jl Baron KM 8 Karangasem Mulo Wonosari gunungkidul', NULL, NULL, '2023-11-02 09:41:39', NULL, 'expired', '2023-11-02 09:41:39', '2023-11-02 09:41:39'),
	(453, 514, 7, 109, 114, NULL, 7, '60714040', '7030024', '0024', 'MIS YAPPI KALANGAN', 'BHPNU', NULL, '81804088927', NULL, 'kalanganmiyappi@gmail.com', '1968', 'KEC. KARANGMOJO', 'NGIPAK', 'KALANGAN, RT 04, RW 09, NGIPAK, KARANGMOJO, GUNUNGKIDUL', NULL, NULL, '2023-11-02 09:41:40', NULL, 'expired', '2023-11-02 09:41:41', '2023-11-02 09:41:41'),
	(454, 515, 7, 109, 114, NULL, 7, '60714094', '7030025', '0025', 'MIS YAPPI PEYUYON', 'BHPNU', NULL, '81392849705', NULL, 'miyappipeyuyon@gmail.com', '1964', 'KEC. SEMANU', 'PACAREJO', 'NGAMPO, PACAREJO, SEMANU, GUNUNGKIDUL, D. I. YOGYAKARTA', NULL, NULL, '2023-11-02 09:41:42', NULL, 'expired', '2023-11-02 09:41:42', '2023-11-02 09:41:42'),
	(455, 516, 7, 109, 114, NULL, 7, '20402353', '7030026', '0026', 'MIS YAPPI PAYAK', 'BHPNU', NULL, '87839013430', NULL, 'miyappipayak@yahoo.com', '1973', 'KEC. PONJONG', 'SUMBERGIRI', 'PAYAK RT 04/RW 10 SUMBERGIRI PONJONG', NULL, NULL, '2023-11-02 09:41:43', NULL, 'expired', '2023-11-02 09:41:43', '2023-11-02 09:41:43'),
	(456, 517, 7, 109, 114, NULL, 7, '20402268', '7030027', '0027', 'MIS YAPPI PLALAR', 'BHPNU', NULL, '82313774614', NULL, 'miyappiplalar@gmail.com', '1969', 'KEC. PONJONG', 'UMBULREJO', 'PLALAR RT 01/09 UMBULREJO PONJONG GUNUNGKIDUL DIY', NULL, NULL, '2023-11-02 09:41:44', NULL, 'expired', '2023-11-02 09:41:44', '2023-11-02 09:41:44'),
	(457, 518, 7, 109, 114, NULL, 7, '60714083', '7030028', '0028', 'MIS YAPPI SAWAHAN', 'BHPNU', NULL, '859121635236', NULL, 'yahyasetyawan63698@gmail.com', '1969', 'KEC. PONJONG', 'SAWAHAN', 'SAMBIREJO RT 01 RW 08, SAWAHAN, PONJONG, GUNUNGKIDUL', NULL, NULL, '2023-11-02 09:41:45', NULL, 'expired', '2023-11-02 09:41:45', '2023-11-02 09:41:45'),
	(458, 519, 7, 109, 114, NULL, 7, '20402323', '7030029', '0029', 'MIS YAPPI TAMBAKROMO', 'BHPNU', NULL, '85921409236', NULL, 'mtambakromo@yahoo.com', '1971', 'KEC. PONJONG', 'TAMBAKROMO', 'GROGOL,RT 03/RW 08', NULL, NULL, '2023-11-02 09:41:46', NULL, 'expired', '2023-11-02 09:41:46', '2023-11-02 09:41:46'),
	(459, 520, 7, 109, 114, NULL, 7, '60714037', '7030030', '0030', 'MIS YAPPI BALONG', 'BHPNU', NULL, '81328471714', NULL, 'baljepit@gmail.com', '1964', 'KEC. GIRISUBO', 'BALONG', 'NGROMBO I, BALONG, GIRISUBO, GUNUNGKIDUL, D.I YOGYAKRTA 55883', NULL, NULL, '2023-11-02 09:41:48', NULL, 'expired', '2023-11-02 09:41:48', '2023-11-02 09:41:48'),
	(460, 521, 7, 109, 114, NULL, 7, '60714038', '7030031', '0031', 'MIS YAPPI TEKIK', 'BHPNU', NULL, '85292300678', NULL, 'miyappitekik@gmail.com', '1972', 'KEC. GIRISUBO', 'BALONG', 'TEKIK, NGLINDUR, GIRISUBO, GUNUNGKIDUL', NULL, NULL, '2023-11-02 09:41:49', NULL, 'expired', '2023-11-02 09:41:49', '2023-11-02 09:41:49'),
	(461, 522, 7, 109, 114, NULL, 7, '60714108', '7030032', '0032', 'MIS YAPPI KARANGTRITIS', 'BHPNU', NULL, '85290061881', NULL, 'azizsaja488@gmail.com', '1969', 'KEC. TEPUS', 'SUMBER WUNGU', 'KARANGTRITIS', NULL, NULL, '2023-11-02 09:41:50', NULL, 'expired', '2023-11-02 09:41:50', '2023-11-02 09:41:50'),
	(462, 523, 7, 109, 114, NULL, 7, '20402309', '7030033', '0033', 'MIS YAPPI TEGALWERU', 'BHPNU', NULL, '82322682022', NULL, 'miyappitegalseru@gmail.com', '1970', 'KEC. TEPUS', 'TEPUS', 'TROSARI II,RT02/RW04,TEPUS', NULL, NULL, '2023-11-02 09:41:51', NULL, 'expired', '2023-11-02 09:41:51', '2023-11-02 09:41:51'),
	(463, 524, 7, 109, 114, NULL, 7, '20402254', '7030034', '0034', 'MIS YAPPI CEKEL', 'BHPNU', NULL, '81329864590', NULL, 'micekel160@gmail.com', '1962', 'KEC. SAPTOSARI', 'JETIS', 'CEKEL', NULL, NULL, '2023-11-02 09:41:52', NULL, 'expired', '2023-11-02 09:41:52', '2023-11-02 09:41:52'),
	(464, 525, 7, 109, 114, NULL, 7, '60714086', '7030035', '0035', 'MIS YAPPI DONDONG', 'BHPNU', NULL, '8226500750', NULL, 'sudarmantonew65@gmail.com', '1988', 'KEC. SAPTOSARI', 'JETIS', 'DONDONG', NULL, NULL, '2023-11-02 09:41:53', NULL, 'expired', '2023-11-02 09:41:53', '2023-11-02 09:41:53'),
	(465, 526, 7, 109, 114, NULL, 7, '20402251', '7030036', '0036', 'MIS YAPPI KARANG', 'BHPNU', NULL, '8170402729', NULL, 'miyappikarang@ymail.com', '1974', 'KEC. SAPTOSARI', 'JETIS', 'KARANG', NULL, NULL, '2023-11-02 09:41:54', NULL, 'expired', '2023-11-02 09:41:54', '2023-11-02 09:41:54'),
	(466, 527, 7, 109, 114, NULL, 7, '60714057', '7030037', '0037', 'MIS YAPPI NGRATI', 'BHPNU', NULL, '81326052418', NULL, 'miyappingrati@gmail.com', '1969', 'KEC. PANGGANG', 'GIRISUKO', 'SANGLOR I', NULL, NULL, '2023-11-02 09:41:55', NULL, 'expired', '2023-11-02 09:41:56', '2023-11-02 09:41:56'),
	(467, 528, 7, 109, 114, NULL, 7, '60714055', '7030038', '0038', 'MIS YAPPI PIJENAN', 'BHPNU', NULL, '82135210179', NULL, 'miyappipijenanpanggang@gmail.com', '1968', 'KEC. PANGGANG', 'GIRISEKAR', 'PIJENAN, RT.05/RW.08', NULL, NULL, '2023-11-02 09:41:57', NULL, 'expired', '2023-11-02 09:41:57', '2023-11-02 09:41:57'),
	(468, 529, 7, 110, 115, NULL, 7, '69854138', '7040039', '0039', 'MIS Ma arif Nurul Haromain', 'BHPNU', NULL, '81215700369', NULL, 'mismanuha@gmail.com', '2012', 'KEC. SENTOLO', 'SENTOLO', 'Dusun Taruban Kulon RT 25/RW 15', NULL, NULL, '2023-11-02 09:41:58', NULL, 'expired', '2023-11-02 09:41:58', '2023-11-02 09:41:58'),
	(469, 530, 7, 110, 115, NULL, 7, '60713985', '7040040', '0040', 'MI MA`ARIF KOKAP', 'BHPNU', NULL, '85292099347', NULL, 'mis_maarifkokap@yahoo.id', '1977', 'KEC. KOKAP', 'HARGOREJO', 'Sambeng', NULL, NULL, '2023-11-02 09:41:59', NULL, 'proses dokumen', '2023-11-02 09:41:59', '2023-11-02 09:41:59'),
	(470, 531, 7, 110, 115, NULL, 6, '69948675', '7040041', '0041', 'SD MAARIF NURUL JANNAH', 'BHPNU', NULL, '85725908229', NULL, 'sdmaarifnuja@gmail.com', '2014', 'KEC. TEMON', 'JANTEN', 'Jomboran', NULL, NULL, '2023-11-02 09:42:00', NULL, 'expired', '2023-11-02 09:42:00', '2023-11-02 09:42:00'),
	(471, 532, 7, 110, 115, NULL, 7, '60713993', '7040042', '0042', 'MI MA`ARIF GARONGAN', 'BHPNU', NULL, '81328700750', NULL, 'mima_garongan@yahoo.co.id', '1960', 'KEC. PANJATAN', 'GARONGAN', 'GARONGAN', NULL, NULL, '2023-11-02 09:42:01', NULL, 'expired', '2023-11-02 09:42:01', '2024-02-28 18:51:09'),
	(472, 533, 7, 110, 115, NULL, 7, '60713990', '7040043', '0043', 'MI MA`ARIF JEKELING', 'BHPNU', NULL, '85292616028', NULL, 'maarifjekelingmi@gmail.com', '1968', 'KEC. LENDAH', 'SIDOREJO', 'Jekeling', NULL, NULL, '2023-11-02 09:42:02', NULL, 'revisi', '2023-11-02 09:42:02', '2024-02-28 18:32:10'),
	(473, 534, 7, 110, 115, NULL, 7, '60713989', '7040044', '0044', 'MI MA`ARIF MAESAN', 'BHPNU', NULL, '85975204670', NULL, 'mi_maesan@yahoo.co.id', '1970', 'KEC. LENDAH', 'WAHYUHARJO', 'Maesan', NULL, NULL, '2023-11-02 09:42:03', NULL, 'expired', '2023-11-02 09:42:03', '2023-11-02 09:42:03'),
	(474, 535, 7, 107, 112, NULL, 7, '60714137', '7010045', '0045', 'MIS AL IMAN', 'BHPNU', NULL, '85643748642', NULL, 'mialiman.tempel@gmail.com', '1971', 'KEC. TEMPEL', 'TAMBAK REJO', 'BANDUNG', NULL, NULL, '2023-11-02 09:42:04', NULL, 'revisi', '2023-11-02 09:42:04', '2023-11-02 09:42:04'),
	(475, 536, 7, 107, 112, NULL, 7, '60714128', '7010046', '0046', 'MIS DARUL HUDA', 'BHPNU', NULL, '87739337937', NULL, 'midarulhuda19@gmail.com', '1977', 'KEC. NGAGLIK', 'SUKOHARJO', 'BANTUREJO', NULL, NULL, '2023-11-02 09:42:05', NULL, 'expired', '2023-11-02 09:42:06', '2023-11-02 09:42:06'),
	(476, 537, 7, 107, 112, NULL, 7, '60714118', '7010047', '0047', 'MIS AL HUDA', 'BHPNU', NULL, '81328065492', NULL, 'mialhudadepok@gmail.com', '1970', 'KEC. DEPOK', 'MAGUWOHARJO', 'KARANGNONGKO', NULL, NULL, '2023-11-02 09:42:07', NULL, 'expired', '2023-11-02 09:42:07', '2023-11-02 09:42:07'),
	(477, 538, 7, 107, 112, NULL, 7, '60714125', '7010048', '0048', 'MIS DARUSSHOLIHIN', 'BHPNU', NULL, '81312431766', NULL, 'mimaarifdarussholihin@gmail.com', '2008', 'KEC. MLATI', 'SUMBERADI', 'JONGGRANGAN', NULL, NULL, '2023-11-02 09:42:08', NULL, 'expired', '2023-11-02 09:42:08', '2023-11-02 09:42:08'),
	(478, 539, 7, 107, 112, NULL, 7, '60714133', '7010049', '0049', 'MIS MA`ARIF WATUKARUNG', 'BHPNU', NULL, '81226883410', NULL, 'miwatukarung@yahoo.com', '1959', 'KEC. SEYEGAN', 'MARGOAGUNG', 'WATUKARUNG', NULL, NULL, '2023-11-02 09:42:09', NULL, 'expired', '2023-11-02 09:42:09', '2023-11-02 09:42:09'),
	(479, 540, 7, 107, 112, NULL, 12, '69941726', '7010050', '0050', 'MAS Ma arif Darussholihin Sleman', 'BHPNU', NULL, '87872094745', NULL, 'madarussholihin@gmail.com', '2015', 'KEC. MLATI', 'SUMBERADI', 'Jalan Jonggrangan', NULL, NULL, '2023-11-02 09:42:11', NULL, 'expired', '2023-11-02 09:42:11', '2023-11-02 09:42:11'),
	(480, 541, 7, 111, 116, NULL, 11, '20409893', '7050051', '0051', 'SMKS MAARIF 1 YOGYAKARTA', 'BHPNU', NULL, '8121580043', NULL, 'smarifta@gmail.com', '2011', 'KEC. TEGALREJO', 'TEGALREJO', 'HOS COKROAMINOTO TR III/133 YOGYAKARTA', NULL, NULL, '2023-11-02 09:42:12', NULL, 'expired', '2023-11-02 09:42:12', '2023-11-02 09:42:12'),
	(481, 542, 7, 108, 113, NULL, 9, '20400610', '7020052', '0052', 'MTSS DLINGO', 'BHPNU', NULL, '87738741426', NULL, 'mtsmaarifdlingo@gmail.com', '1987', 'KEC. DLINGO', 'DLINGO', 'KORIPAN 1 DLINGO', NULL, NULL, '2023-11-02 09:42:13', NULL, 'expired', '2023-11-02 09:42:13', '2023-11-02 09:42:13'),
	(482, 543, 7, 108, 113, NULL, 9, '20400614', '7020053', '0053', 'MTSS AL-FURQON SANDEN', 'BHPNU', NULL, '81239070705', NULL, 'mts.alfurqon.sanden@gmail.com', '1999', 'KEC. SANDEN', 'MURTIGADING', 'BONGOSKENTI MURTIGADING', NULL, NULL, '2023-11-02 09:42:14', NULL, 'expired', '2023-11-02 09:42:14', '2023-11-02 09:42:14'),
	(483, 544, 7, 109, 114, NULL, 9, '20411955', '7030054', '0054', 'MTSS YAPPI DENGOK', 'BHPNU', NULL, '97838151015', NULL, 'mtsyappidengok@yahoo.co.id', '1970', 'KEC. PLAYEN', 'DENGOK', 'DENGOK V RT/RW 15/05', NULL, NULL, '2023-11-02 09:42:15', NULL, 'expired', '2023-11-02 09:42:15', '2023-11-02 09:42:15'),
	(484, 545, 7, 109, 114, NULL, 9, '20411962', '7030055', '0055', 'MTSS YAPPI MULUSAN PALIYAN', 'BHPNU', NULL, '81904135194', NULL, 'mayamuspa88@gmail.com', '1988', 'KEC. PALIYAN', 'MULUSAN', 'MULUSAN, PALIYAN GUNUNGKIDUL D.I YOGYAKARTA', NULL, NULL, '2023-11-02 09:42:17', NULL, 'expired', '2023-11-02 09:42:17', '2023-11-02 09:42:17'),
	(485, 546, 7, 110, 115, NULL, 9, '20411925', '7040056', '0056', 'MTS AL ICHSAN', 'BHPNU', NULL, '85727693929', NULL, 'mts.alichsan@gmail.com', '2008', 'KEC. NANGGULAN', 'JATISARONO', 'Komplek PP AL-Miftah Kauman', NULL, NULL, '2023-11-02 09:42:18', NULL, 'expired', '2023-11-02 09:42:18', '2023-11-02 09:42:18'),
	(486, 547, 7, 110, 115, NULL, 9, '20411929', '7040057', '0057', 'MTS MA`ARIF JANGKARAN', 'BHPNU', NULL, '83101447535', NULL, 'mtsjangkaran@gmail.com', '1985', 'KEC. TEMON', 'JANGKARAN', 'JL. RADAR 215, CONGOT,JANGKARAN', NULL, NULL, '2023-11-02 09:42:19', NULL, 'expired', '2023-11-02 09:42:19', '2023-11-02 09:42:19'),
	(487, 548, 7, 110, 115, NULL, 9, '20411932', '7040058', '0058', 'MTS MA`ARIF WATES', 'BHPNU', NULL, '8112553421', NULL, 'mtsmaarifwates@gmail.com', '1987', 'KEC. WATES', 'BENDUNGAN', 'JL. Amanah, Mangunan', NULL, NULL, '2023-11-02 09:42:20', NULL, 'expired', '2023-11-02 09:42:20', '2023-11-02 09:42:20'),
	(488, 549, 7, 107, 112, NULL, 9, '60727332', '7010059', '0059', 'MTSS MA`ARIF DARUSSHOLIHIN', 'BHPNU', NULL, '81804061137', NULL, 'mtsmaarifdarussholihin@gmail.com', '2012', 'KEC. MLATI', 'SUMBERADI', 'JONGGRANGAN', NULL, NULL, '2023-11-02 09:42:21', NULL, 'expired', '2023-11-02 09:42:21', '2023-11-02 09:42:21'),
	(489, 550, 7, 110, 115, NULL, 6, '70010027', '7040060', '0060', 'SD NU GALUR', 'BHPNU', NULL, '85743464912', NULL, 'sdnugalur@gmail.com', '2020', 'KEC. GALUR', 'KARANGSEWU', 'Jl. Daendels, KM 5, Rt 46 Rw 22, Bapangan, Ped XI', NULL, NULL, '2023-11-02 09:42:22', NULL, 'expired', '2023-11-02 09:42:22', '2023-11-02 09:42:22'),
	(490, 551, 7, 109, 114, NULL, 7, '70029525', '7030061', '0061', 'MI Wasathiyah', 'BHPNU', NULL, '87838583582', NULL, 'miwasathiyah@gmail.com', '2022', 'KEC. PLAYEN', 'LOGANDENG', 'Siyono Tengah, RT35/RW07, Logandeng, Playen', NULL, NULL, '2023-11-02 09:42:23', NULL, 'expired', '2023-11-02 09:42:23', '2023-11-02 09:42:23'),
	(491, 552, 7, 109, 114, NULL, 7, '70029523', '7030062', '0062', 'MI MA\'ARIF WARENG', 'BHPNU', NULL, '89687621497', NULL, 'mimaarifwareng22@gmail.com', '2022', 'KEC. WONOSARI', 'WARENG', 'wareng I', NULL, NULL, '2023-11-02 09:42:24', NULL, 'expired', '2023-11-02 09:42:24', '2023-11-02 09:42:24'),
	(492, 553, 7, 109, 114, NULL, 7, '60714050', '7030063', '0063', 'MIS YAPPI NATAH', 'BHPNU', NULL, '87738806111', NULL, 'miyappinatah@gmail.com', '1971', 'KEC. NGLIPAR', 'NATAH', 'BLEMBEMAN, NATAH, NGLIPAR, GUNUNGKIDUL', NULL, NULL, '2023-11-02 09:42:25', NULL, 'expired', '2023-11-02 09:42:25', '2023-11-02 09:42:25'),
	(493, 554, 7, 109, 114, NULL, 8, '20401941', '7030064', '0064', 'SMP PEMBANGUNAN SEMIN', 'BHPNU', NULL, '2747103801', NULL, 'smp_pembangunan_semin@yahoo.com', '1981', 'KEC. SEMIN', 'PUNDUNG SARI', 'Karangwetan', NULL, NULL, '2023-11-02 09:42:26', NULL, 'expired', '2023-11-02 09:42:26', '2023-11-02 09:42:26'),
	(494, 555, 7, 107, 112, NULL, 8, '20401047', '7010065', '0065', 'SMP MAARIF GAMPING', 'BHPNU', NULL, '81540981872', NULL, 'spemaga@gmail.com', '1981', 'KEC. GAMPING', 'NOGOTIRTO', 'JL Siliwangi (RIng Road Barat)', NULL, NULL, '2023-11-02 09:42:27', NULL, 'expired', '2023-11-02 09:42:27', '2023-11-02 09:42:27'),
	(495, 556, 7, 107, 112, NULL, 8, '20401022', '7010066', '0066', 'SMP SUNAN KALIJOGO', 'BHPNU', NULL, '81578129090', NULL, 'smpsukacangkringan@yahoo.co.id', '1965', 'KEC. CANGKRINGAN', 'ARGO MULYO', 'Banaran', NULL, NULL, '2023-11-02 09:42:28', NULL, 'expired', '2023-11-02 09:42:28', '2023-11-02 09:42:28'),
	(496, 557, 7, 107, 112, NULL, 7, '60714130', '7010067', '0067', 'MIS QURROTA A`YUN', 'BHPNU', NULL, '0274 4532745', NULL, 'qurrataayun9@yahoo.com', '2010', 'KEC. NGEMPLAK', 'WEDOMARTANI', 'BLOTAN RT 03 RW 40', NULL, NULL, '2023-11-02 09:42:29', NULL, 'expired', '2023-11-02 09:42:30', '2023-11-02 09:42:30'),
	(497, 558, 7, 107, 112, NULL, 7, '60714136', '7010068', '0068', 'MIS MA`ARIF PANGUKAN', 'BHPNU', NULL, '0274 864160', NULL, 'mimaarif_pang11@yahoo.com', '2011', 'KEC. SLEMAN', 'TRIDADI', 'JL. DR. RADJIMIN NO. 13 PANGUKAN', NULL, NULL, '2023-11-02 09:42:31', NULL, 'expired', '2023-11-02 09:42:31', '2023-11-02 09:42:31'),
	(498, 559, 7, 107, 112, NULL, 7, '60714117', '7010069', '0069', 'MIS MA`ARIF BEGO', 'BHPNU', NULL, '0274 4332373', NULL, 'mimaarifbego@yahoo.co.id', '1962', 'KEC. DEPOK', 'MAGUWOHARJO', 'SEMBEGO, RT 01 RW 38 MAGUWOHARJO', NULL, NULL, '2023-11-02 09:42:32', NULL, 'expired', '2023-11-02 09:42:32', '2023-11-02 09:42:32'),
	(499, 560, 7, 107, 112, NULL, 11, '20404136', '7010070', '0070', 'SMKS DIPONEGORO DEPOK', 'BHPNU', NULL, '0274-4332220', NULL, 'smkdiponegorodepok@gmail.com', '2003', 'KEC. DEPOK', 'MAGUWOHARJO', 'KOMPLEK PONDOK PESANTREN DIPONEGORO SEMBEGO', NULL, NULL, '2023-11-02 09:42:33', NULL, 'expired', '2023-11-02 09:42:33', '2023-11-02 09:42:33'),
	(500, 561, 7, 107, 112, NULL, 8, '20401021', '7010071', '0071', 'SMP SULTAN AGUNG SEYEGAN', 'BHPNU', NULL, '81328161165', NULL, 'ssultanagung@yahoo.co.id', '1964', 'KEC. SEYEGAN', 'MARGOKATON', 'Susukan', NULL, NULL, '2023-11-02 09:42:34', NULL, 'expired', '2023-11-02 09:42:34', '2023-11-02 09:42:34'),
	(501, 562, 7, 107, 112, NULL, 11, '20401143', '7010072', '0072', 'SMKS MAARIF 1 SLEMAN', 'BHPNU', NULL, '8112657160', NULL, 'smkmaarif1sleman@yahoo.com', '1988', 'KEC. SEYEGAN', 'MARGOAGUNG', 'WATUKARUNG', NULL, NULL, '2023-11-02 09:42:35', NULL, 'expired', '2023-11-02 09:42:36', '2023-11-02 09:42:36'),
	(502, 563, 7, 107, 112, NULL, 14, '20400878', '7010073', '0073', 'SLB BHAKTI PERTIWI', 'BHPNU', NULL, '85100593397', NULL, 'slb.bhaktipertiwi@gmail.com', '1989', 'KEC. PRAMBANAN', 'BOKO HARJO', 'Candirejo', NULL, NULL, '2023-11-02 09:42:37', NULL, 'expired', '2023-11-02 09:42:37', '2023-11-02 09:42:37'),
	(503, 564, 7, 107, 112, NULL, 8, '20401035', '7010074', '0074', 'SMP DIPONEGORO DEPOK', 'BHPNU', NULL, '0274-4332318', NULL, NULL, '1977', 'KEC. DEPOK', 'MAGUWOHARJO', 'Sembego Rt. 01/38', NULL, NULL, '2023-11-02 09:42:38', NULL, 'expired', '2023-11-02 09:42:38', '2023-11-02 09:42:38'),
	(504, 565, 7, 107, 112, NULL, 10, '20401163', '7010075', '0075', 'SMAS SUNAN KALIJOGO', 'BHPNU', NULL, '0274-2860006', NULL, NULL, '1984', 'KEC. CANGKRINGAN', 'ARGO MULYO', 'JL. CANGKRINGAN, ARGOMULYO', NULL, NULL, '2023-11-02 09:42:39', NULL, 'expired', '2023-11-02 09:42:39', '2023-11-02 09:42:39'),
	(505, 566, 7, 107, 112, NULL, 7, '60714119', '7010076', '0076', 'MIS MA`ARIF BLENDANGAN', 'BHPNU', NULL, '82242194640', NULL, 'mismus222@gmail.com', '1947', 'KEC. GAMPING', 'NOGOTIRTO', 'BLENDANGAN', NULL, NULL, '2023-11-02 09:42:40', NULL, 'expired', '2023-11-02 09:42:40', '2023-11-02 09:42:40'),
	(506, 567, 7, 107, 112, NULL, 6, '69753117', '7010077', '0077', 'SD NU SLEMAN YOGYAKARTA', 'BHPNU', NULL, '2745305727', NULL, 'zuqovi@gmail.com', '2009', 'KEC. GAMPING', 'NOGOTIRTO', 'JL.RING ROAD BARAT', NULL, NULL, '2023-11-02 09:42:41', NULL, 'expired', '2023-11-02 09:42:41', '2023-11-02 09:42:41'),
	(507, 568, 7, 107, 112, NULL, 7, '60714122', '7010078', '0078', 'MIS MA`ARIF CANDRAN', 'BHPNU', NULL, '274798482', NULL, 'mi_candran@yahoo.co.id', '1971', 'KEC. GODEAN', 'SIDOARUM', 'CANDRAN', NULL, NULL, '2023-11-02 09:42:42', NULL, 'expired', '2023-11-02 09:42:42', '2023-11-02 09:42:42'),
	(508, 569, 7, 107, 112, NULL, 7, '60714131', '7010079', '0079', 'MIS MA`ARIF GERJEN', 'BHPNU', NULL, '81328882535', NULL, 'hedwilita@yahoo.com', '1959', 'KEC. SEYEGAN', 'MARGOMULYO', 'GERJEN', NULL, NULL, '2023-11-02 09:42:43', NULL, 'expired', '2023-11-02 09:42:43', '2023-11-02 09:42:43'),
	(509, 570, 7, 107, 112, NULL, 7, '60714138', '7010080', '0080', 'MIS AL ISLAM', 'BHPNU', NULL, '2744362899', NULL, 'mialislam_tempel@ymail.com', '1970', 'KEC. TEMPEL', 'MARGO REJO', 'JL. MAGELANG KM. 17 NGOSIT', NULL, NULL, '2023-11-02 09:42:44', NULL, 'expired', '2023-11-02 09:42:45', '2023-11-02 09:42:45'),
	(510, 571, 7, 107, 112, NULL, 7, '60714139', '7010081', '0081', 'MIS NURUL HUDA', 'BHPNU', NULL, '895379839411', NULL, 'minhpokoh@yahoo.com', '1973', 'KEC. TEMPEL', 'BANYU REJO', 'POKOH', NULL, NULL, '2023-11-02 09:42:46', NULL, 'expired', '2023-11-02 09:42:46', '2023-11-02 09:42:46'),
	(511, 572, 7, 107, 112, NULL, 7, '60714132', '7010082', '0082', 'MIS NU MARGOKATON', 'BHPNU', NULL, '85712111868', NULL, NULL, '1959', 'KEC. SEYEGAN', 'MARGOKATON', 'SUSUKAN', NULL, NULL, '2023-11-02 09:42:48', NULL, 'expired', '2023-11-02 09:42:48', '2023-11-02 09:42:48'),
	(512, 573, 7, 108, 113, NULL, 7, '20400578', '7020083', '0083', 'MIS MA`ARIF GIRILOYO 1', 'BHPNU', NULL, '82137137171', NULL, NULL, '1958', 'KEC. IMOGIRI', 'WUKIRSARI', 'GIRILOYO', NULL, NULL, '2023-11-02 09:42:49', NULL, 'expired', '2023-11-02 09:42:49', '2023-11-02 09:42:49'),
	(513, 574, 7, 108, 113, NULL, 7, '20400545', '7020084', '0084', 'MIS MA`ARIF SAMBENG', 'BHPNU', NULL, '82137183189', NULL, NULL, '1972', 'KEC. SRANDAKAN', 'PONCOSARI', 'SAMBENG III', NULL, NULL, '2023-11-02 09:42:50', NULL, 'expired', '2023-11-02 09:42:50', '2023-11-02 09:42:50'),
	(514, 575, 7, 107, 112, NULL, 10, '20401153', '7010085', '0085', 'SMAS MAARIF 1 SLEMAN', 'BHPNU', NULL, '8170426080', NULL, 'wahyuherlambang2020@gmail.com', '1983', 'KEC. TEMPEL', 'MERDIKO REJO', 'JL. TURI KM. 1 TEMPEL', NULL, NULL, '2023-11-02 09:55:22', NULL, 'expired', '2023-11-02 09:55:22', '2023-11-02 09:55:22'),
	(515, 576, 7, 107, 112, NULL, 11, '20401304', '7010086', '0086', 'SMKS MAARIF 2 SLEMAN', 'BHPNU', NULL, '8112652038', NULL, 'atiksunaryati2015@gmail.com', '1989', 'KEC. TEMPEL', 'MERDIKO REJO', 'TURI KM 1 MERDIKO REJO TEMPEL', NULL, NULL, '2023-11-02 09:55:23', NULL, 'expired', '2023-11-02 09:55:23', '2023-11-02 09:55:23'),
	(516, 577, 7, 107, 112, NULL, 12, '20411896', '7010087', '0087', 'MAS RADEN FATAH', 'BHPNU', NULL, '2744542172', NULL, 'syamsulabuaufa@gmail.com', '1978', 'KEC. PRAMBANAN', 'BOKO HARJO', 'PELEMSARI BOKOHARJO PRAMBANAN SLEMAN', NULL, NULL, '2023-11-02 09:55:24', NULL, 'expired', '2023-11-02 09:55:24', '2023-11-02 09:55:24'),
	(517, 578, 7, 108, 113, NULL, 7, '20400583', '7020088', '0088', 'MIS AL ISLAMIYAH GANDEKAN', 'BHPNU', NULL, '85249529392', NULL, 'rushadi37@gmail.com', '1971', 'KEC. PAJANGAN', 'GUWOSARI', 'GANDEKAN', NULL, NULL, '2023-11-02 09:55:26', NULL, 'expired', '2023-11-02 09:55:27', '2023-11-02 09:55:27'),
	(518, 579, 7, 108, 113, NULL, 7, '20400580', '7020089', '0089', 'MIS DARUL MA`ARIF SERUT', 'BHPNU', NULL, '2742815814', NULL, 'Sriehandayanie92@gmail.com', '1970', 'KEC. PAJANGAN', 'SENDANGSARI', 'GUPAKWRAK, SENDANGSARI, PAJANGAN', NULL, NULL, '2023-11-02 09:55:28', NULL, 'expired', '2023-11-02 09:55:28', '2023-11-02 09:55:28'),
	(519, 580, 7, 108, 113, NULL, 7, '20400579', '7020090', '0090', 'MIS MA`ARIF DIPONEGORO', 'BHPNU', NULL, '81392426203', NULL, 'siti.aslamah@gmail.com', '1970', 'KEC. PAJANGAN', 'GUWOSARI', 'JL. SELARONG', NULL, NULL, '2023-11-02 09:55:29', NULL, 'expired', '2023-11-02 09:55:29', '2023-11-02 09:55:29'),
	(520, 581, 7, 108, 113, NULL, 7, '20400581', '7020091', '0091', 'MIS AL-KHOIRIYAH', 'BHPNU', NULL, '82138370404', NULL, 'subarniyati@gmail.com', '1969', 'KEC. PLERET', 'WONOLELO', 'Ploso', NULL, NULL, '2023-11-02 09:55:30', NULL, 'expired', '2023-11-02 09:55:30', '2023-11-02 09:55:30'),
	(521, 582, 7, 108, 113, NULL, 7, '20400576', '7020092', '0092', 'MIS AL HUDA KEBOSUNGU', 'BHPNU', NULL, '81919181926', NULL, 'norudinahmad@gmail.com', '1990', 'KEC. DLINGO', 'DLINGO', 'KEBOSUNGU II', NULL, NULL, '2023-11-02 09:55:32', NULL, 'expired', '2023-11-02 09:55:32', '2023-11-02 09:55:32'),
	(522, 583, 7, 108, 113, NULL, 7, '20400549', '7020093', '0093', 'MIS MA`ARIF KEDIWUNG', 'BHPNU', NULL, '81802743481', NULL, 'ardisunardi19@gmail.co.id', '1970', 'KEC. DLINGO', 'MANGUNAN', 'KEDIWUNG', NULL, NULL, '2023-11-02 09:55:33', NULL, 'expired', '2023-11-02 09:55:33', '2023-11-02 09:55:33'),
	(523, 584, 7, 108, 113, NULL, 7, '20400550', '7020094', '0094', 'MIS MA`ARIF GIRILOYO 2', 'BHPNU', NULL, '88002755624', NULL, 'ma\'arifgiriloy2@gmail.com', '1958', 'KEC. IMOGIRI', 'WUKIRSARI', 'GIRILOYO KARANGKULON', NULL, NULL, '2023-11-02 09:55:36', NULL, 'expired', '2023-11-02 09:55:36', '2023-11-02 09:55:36'),
	(524, 585, 7, 108, 113, NULL, 7, '20400575', '7020095', '0095', 'MIS AL-ANWAR', 'BHPNU', NULL, '8175416980', NULL, 'yuhrotul72@gmail.com', '1972', 'KEC. PUNDONG', 'SRIHARDONO', 'NANGSRI', NULL, NULL, '2023-11-02 09:55:37', NULL, 'expired', '2023-11-02 09:55:37', '2023-11-02 09:55:37'),
	(525, 586, 7, 108, 113, NULL, 7, '20400563', '7020096', '0096', 'MIS MAULANA MAGHRIBI', 'BHPNU', NULL, '81802727688', NULL, 'agsshn1982@yahoo.co.id', '1970', 'KEC. PUNDONG', 'PANJANGREJO', 'Watu', NULL, NULL, '2023-11-02 09:55:38', NULL, 'expired', '2023-11-02 09:55:38', '2023-11-02 09:55:38'),
	(526, 587, 7, 108, 113, NULL, 7, '20400544', '7020097', '0097', 'MIS MIFTAHUL ULUM', 'BHPNU', NULL, '87838170097', NULL, 'mi_sarang@gmail.com', '1973', 'KEC. BAMBANG LIPURO', 'SIDOMULYO', 'SARANG SIDOMULYO BAMBANGLIPURO BANTUL DIY', NULL, NULL, '2023-11-02 09:55:39', NULL, 'expired', '2023-11-02 09:55:39', '2023-11-02 09:55:39'),
	(527, 588, 7, 108, 113, NULL, 8, '20400318', '7020098', '0098', 'SMP PEMBANGUNAN PIYUNGAN', 'BHPNU', NULL, '2744536861', NULL, 'herisudarman11@Gmail.com', '1981', 'KEC. PIYUNGAN', 'SRIMARTANI', 'Daraman', NULL, NULL, '2023-11-02 09:55:41', NULL, 'expired', '2023-11-02 09:55:41', '2023-11-02 09:55:41'),
	(528, 589, 7, 108, 113, NULL, 8, '20400424', '7020099', '0099', 'SMP MA ARIF IMOGIRI', 'BHPNU', NULL, '89646568595', NULL, 'sabjan@abasrin.com', '1981', 'KEC. IMOGIRI', 'KEBON AGUNG', 'Kebonagung', NULL, NULL, '2023-11-02 09:55:42', NULL, 'expired', '2023-11-02 09:55:43', '2023-11-02 09:55:43'),
	(529, 590, 7, 108, 113, NULL, 11, '20400393', '7020100', '0100', 'SMK PEMBANGUNAN DLINGO', 'BHPNU', NULL, '87789070841', NULL, 'smkpdbantul@gmail.com', '2007', 'KEC. DLINGO', 'MANGUNAN', 'Jln. Imogiri - Dlingo Km 5.5 Mangunan Dlingo Bantul', NULL, NULL, '2023-11-02 09:55:44', NULL, 'expired', '2023-11-02 09:55:44', '2023-11-02 09:55:44'),
	(530, 591, 7, 108, 113, NULL, 11, '20400436', '7020101', '0101', 'SMK MAARIF 1 KRETEK', 'BHPNU', NULL, '274368480', NULL, 'suhardi.maarif123@gmail.com', '1997', 'KEC. KRETEK', 'DONOTIRTO', 'JL. PARANGTRITIS KM 22 TEGALSARI', NULL, NULL, '2023-11-02 09:55:45', NULL, 'expired', '2023-11-02 09:55:45', '2023-11-02 09:55:45'),
	(531, 592, 7, 108, 113, NULL, 11, '20408005', '7020102', '0102', 'SMK MAARIF 1 PIYUNGAN', 'BHPNU', NULL, '85701144500', NULL, 'sambyahmaarif@gmail.com', '1988', 'KEC. PIYUNGAN', 'SRIMARTANI', 'JL. PIYUNGAN - PRAMBANAN KM 02', NULL, NULL, '2023-11-02 09:55:46', NULL, 'expired', '2023-11-02 09:55:46', '2023-11-02 09:55:46'),
	(532, 593, 7, 108, 113, NULL, 11, '20400434', '7020103', '0103', 'SMKS MAARIF 2 PIYUNGAN', 'BHPNU', NULL, '851004720', NULL, 'saifudin7754@gmail.com', '1997', 'KEC. PIYUNGAN', 'SRIMARTANI', 'JL. PIYUNGAN PRAMBANAN KM. 01 MUNGGUR', NULL, NULL, '2023-11-02 09:55:47', NULL, 'expired', '2023-11-02 09:55:47', '2023-11-02 09:55:47'),
	(533, 594, 7, 108, 113, NULL, 14, '69765053', '7020104', '0104', 'SLB MA ARIF BANTUL', 'BHPNU', NULL, '85643928500', NULL, 'lintangsekarsandy45@gmail.com', '2010', 'KEC. SEWON', 'TIMBULHARJO', 'Kowen Timbulharjo Sewon Bantul', NULL, NULL, '2023-11-02 09:55:48', NULL, 'expired', '2023-11-02 09:55:49', '2023-11-02 09:55:49'),
	(534, 595, 7, 109, 114, NULL, 7, '20402267', '7030105', '0105', 'MIS YAPPI PURWO', 'BHPNU', NULL, '85643846858', NULL, 'miypurwo71@gmail.com', '1970', 'KEC. SEMIN', 'KARANG SARI', 'PURWO, KARANGSARI, SEMIN, GUNUNGKIDUL', NULL, NULL, '2023-11-02 09:55:50', NULL, 'expired', '2023-11-02 09:55:50', '2023-11-02 09:55:50'),
	(535, 596, 7, 109, 114, NULL, 7, '20402255', '7030106', '0106', 'MIS YAPPI BATUSARI', 'BHPNU', NULL, '81325355900', NULL, 'mi.batusari88@gmail.com', '1972', 'KEC. NGAWEN', 'KAMPUNG', 'BATUSARI,KAMPUNG,NGAWEN,GK', NULL, NULL, '2023-11-02 09:55:51', NULL, 'expired', '2023-11-02 09:55:51', '2023-11-02 09:55:51'),
	(536, 597, 7, 109, 114, NULL, 7, '20402253', '7030107', '0107', 'MIS YAPPI DOGA', 'BHPNU', NULL, '8127375590', NULL, 'anasrodin@gmail.com', '1973', 'KEC. PATUK', 'NGLANGGERAN', 'DOGA NGLANGGERAN PATUK GUNUNGKIDUL', NULL, NULL, '2023-11-02 09:55:52', NULL, 'expired', '2023-11-02 09:55:52', '2023-11-02 09:55:52'),
	(537, 598, 7, 109, 114, NULL, 7, '20402265', '7030108', '0108', 'MIS YAPPI RINGINTUMPANG', 'BHPNU', NULL, '81228411881', NULL, 'susamto2018@gmail.com', '1969', 'KEC. PATUK', 'PUTAT', 'RINGINTUMPANG/BRAMBANG', NULL, NULL, '2023-11-02 09:55:53', NULL, 'expired', '2023-11-02 09:55:53', '2023-11-02 09:55:53'),
	(538, 599, 7, 109, 114, NULL, 7, '60714073', '7030109', '0109', 'MIS YAPPI NGLERI', 'BHPNU', NULL, '85228883033', NULL, 'miyappingleri@ymail.com', '1968', 'KEC. PLAYEN', 'NGLERI', 'PUNTUK KULON, NGLERI, PLAYEN, GGUNUNGKIDUL', NULL, NULL, '2023-11-02 09:55:54', NULL, 'expired', '2023-11-02 09:55:55', '2023-11-02 09:55:55'),
	(539, 600, 7, 109, 114, NULL, 7, '60714077', '7030110', '0110', 'MIS YAPPI NGRANCANG', 'BHPNU', NULL, '85228790202', NULL, 'ngrancangmiyappi@ymail.com', '1968', 'KEC. PLAYEN', 'BLEBERAN', 'NGRANCANG BLEBERAN PLAYEN GUNUNGKIDUL', NULL, NULL, '2023-11-02 09:55:56', NULL, 'expired', '2023-11-02 09:55:56', '2023-11-02 09:55:56'),
	(540, 601, 7, 109, 114, NULL, 7, '60714074', '7030111', '0111', 'MIS YAPPI PUTAT', 'BHPNU', NULL, '82265444560', NULL, 'mi_yappi_putat@yahoo.com', '1966', 'KEC. PLAYEN', 'BLEBERAN', 'PUTAT,BLEBERAN PLAYEN GUNUNGKIDUL', NULL, NULL, '2023-11-02 09:55:57', NULL, 'expired', '2023-11-02 09:55:57', '2023-11-02 09:55:57'),
	(541, 602, 7, 109, 114, NULL, 7, '60714070', '7030112', '0112', 'MIS YAPPI WIYOKO', 'BHPNU', NULL, '81227648881', NULL, 'miyappiwiyoko@yahoo.co.id', '1967', 'KEC. PLAYEN', 'PLAYEN', 'WIYOKO UTARA, PLEMBUTAN, PLAYEN, GUNUNGKIDUL', NULL, NULL, '2023-11-02 09:55:58', NULL, 'expired', '2023-11-02 09:55:58', '2023-11-02 09:55:58'),
	(542, 603, 7, 109, 114, NULL, 7, '20402322', '7030113', '0113', 'MIS YAPPI TANJUNG GETAS', 'BHPNU', NULL, '81328598848', NULL, 'Mi.Tanjung11@gmail.com', '1966', 'KEC. PLAYEN', 'GETAS', 'GETAS, PLAYEN, GUNUNGKIDUL', NULL, NULL, '2023-11-02 09:55:59', NULL, 'expired', '2023-11-02 09:55:59', '2023-11-02 09:55:59'),
	(543, 604, 7, 109, 114, NULL, 7, '60714067', '7030114', '0114', 'MIS YAPPI KEDUNGWANGLU', 'BHPNU', NULL, '82223903801', NULL, 'miyappikedungwanglu@gmail.com', '1967', 'KEC. PLAYEN', 'BANYUSOCO', 'KEDUNGWANGLU,BANYUSOCO, PLAYEN,GUNUNGKIDUL,D.I.Y.', NULL, NULL, '2023-11-02 09:56:01', NULL, 'expired', '2023-11-02 09:56:01', '2023-11-02 09:56:01'),
	(544, 605, 7, 109, 114, NULL, 7, '60714075', '7030115', '0115', 'MIS YAPPI NGUNUT', 'BHPNU', NULL, '81804022806', NULL, 'miyappingunut@gmail.cim', '1968', 'KEC. PLAYEN', 'NGUNUT', 'NGUNUT LOR', NULL, NULL, '2023-11-02 09:56:02', NULL, 'expired', '2023-11-02 09:56:02', '2023-11-02 09:56:02'),
	(545, 606, 7, 109, 114, NULL, 7, '60714112', '7030116', '0116', 'MIS YAPPI BALEHARJO', 'BHPNU', NULL, '85229747609', NULL, 'styawanandar@gmail.com', '1968', 'KEC. WONOSARI', 'BALEHARJO', 'GEDANGSARI,RT002/RW005,BALEHARJO,WONOSARI, GUNUNGKIDUL,DIY.', NULL, NULL, '2023-11-02 09:56:03', NULL, 'expired', '2023-11-02 09:56:03', '2023-11-02 09:56:03'),
	(546, 607, 7, 109, 114, NULL, 7, '60714041', '7030117', '0117', 'MIS YAPPI REJOSARI', 'BHPNU', NULL, '81548743197', NULL, 'madrasah_yappirejosari@yahoo.co.id', '1968', 'KEC. KARANGMOJO', 'NGAWIS', 'REJOSARI, NGAWIS, KARANGMOJO, GUNUNGKIDUL', NULL, NULL, '2023-11-02 09:56:05', NULL, 'expired', '2023-11-02 09:56:05', '2023-11-02 09:56:05'),
	(547, 608, 7, 109, 114, NULL, 9, '20411967', '7030118', '0118', 'MTSS YAPPI SUMBERJO', 'BHPNU', NULL, '89677917676', NULL, 'Mustainluluk@gmail.com', '1969', 'KEC. PATUK', 'PENGKOK', 'Jl. Patuk - Jatimulyo, Km. 5, Sumberjo, Pengkok, Patuk, Gunungkidul', NULL, NULL, '2023-11-02 09:56:07', NULL, 'expired', '2023-11-02 09:56:07', '2023-11-02 09:56:07'),
	(548, 609, 7, 109, 114, NULL, 9, '20411966', '7030119', '0119', 'MTSS JAM`UL MU`AWANAH YAPPI NGEMBES', 'BHPNU', NULL, '8175455627', NULL, 'mtsjmngembespatuk@yahoo.com', '1969', 'KEC. PATUK', 'PENGKOK', 'NGEMBES,PENGKOK,PATUK,GUNUNGKIDUL', NULL, NULL, '2023-11-02 09:56:08', NULL, 'expired', '2023-11-02 09:56:09', '2023-11-02 09:56:09'),
	(549, 610, 7, 109, 114, NULL, 8, '20401944', '7030120', '0120', 'SMP PEMBANGUNAN KARANGMOJO', 'BHPNU', NULL, '2744390023', NULL, 'smppemka@gmail.com', '1975', 'KEC. KARANGMOJO', 'KARANGMOJO', 'Karangmojo', NULL, NULL, '2023-11-02 09:56:10', NULL, 'expired', '2023-11-02 09:56:10', '2023-11-02 09:56:10'),
	(550, 611, 7, 109, 114, NULL, 8, '20401939', '7030121', '0121', 'SMP PERSIAPAN SEMANU', 'BHPNU', NULL, '81802730521', NULL, 'fyasin82@gmail.com', '1963', 'KEC. SEMANU', 'SEMANU', 'Jln. Baran, Wareng, Semanu, Gunungkidul', NULL, NULL, '2023-11-02 09:56:11', NULL, 'expired', '2023-11-02 09:56:11', '2023-11-02 09:56:11'),
	(551, 612, 7, 109, 114, NULL, 9, '20411972', '7030122', '0122', 'MTSS YAPPI KENTENG', 'BHPNU', NULL, '81931745278', NULL, 'sutrisnoyappi@gmail.com', '1984', 'KEC. PONJONG', 'KENTENG', 'GEBLUG, KENTENG, PONJONG, GUNUNGKIDUL', NULL, NULL, '2023-11-02 09:56:12', NULL, 'expired', '2023-11-02 09:56:12', '2023-11-02 09:56:12'),
	(552, 613, 7, 109, 114, NULL, 9, '20411975', '7030123', '0123', 'MTSS YAPPI JETIS SAPTOSARI', 'BHPNU', NULL, '82142566576', NULL, 'ngamari19@gmail.com', '1970', 'KEC. SAPTOSARI', 'JETIS', 'JL.WONOSARI-PANGGANG KM.25', NULL, NULL, '2023-11-02 09:56:14', NULL, 'expired', '2023-11-02 09:56:14', '2023-11-02 09:56:14'),
	(553, 614, 7, 109, 114, NULL, 11, '20402110', '7030124', '0124', 'SMK YAPPI WONOSARI', 'BHPNU', NULL, '274391991', NULL, 'zabidiwardani@yahoo.com', '1986', 'KEC. WONOSARI', 'KEPEK', 'BANSARI', NULL, NULL, '2023-11-02 09:56:15', NULL, 'expired', '2023-11-02 09:56:15', '2023-11-02 09:56:15'),
	(554, 615, 7, 109, 114, NULL, 11, '20402135', '7030125', '0125', 'SMK MAARIF WONOSARI', 'BHPNU', NULL, '274392306', NULL, 'djoko_yappigk@yahoo.com', '1997', 'KEC. WONOSARI', 'KEPEK', 'TENTARA PELAJAR NO. 44 TRIMULYO I', NULL, NULL, '2023-11-02 09:56:16', NULL, 'expired', '2023-11-02 09:56:16', '2023-11-02 09:56:16'),
	(555, 616, 7, 109, 114, NULL, 11, '20402136', '7030126', '0126', 'SMK MAARIF SEMANU', 'BHPNU', NULL, '274394501', NULL, 'purwantawns@ymail.com', '2004', 'KEC. SEMANU', 'SEMANU', 'JL. WONOSARI - RONGKOP KM 8, SEMANU, SEMANU, GK', NULL, NULL, '2023-11-02 09:56:17', NULL, 'expired', '2023-11-02 09:56:17', '2023-11-02 09:56:17'),
	(556, 617, 7, 109, 114, NULL, 11, '20402100', '7030127', '0127', 'SMK PEMBANGUNAN KARANGMOJO', 'BHPNU', NULL, '87839449090', NULL, 'www.arismuhk@gmail.com', '2003', 'KEC. KARANGMOJO', 'KARANGMOJO', 'SRIMPI KARANGMOJO', NULL, NULL, '2023-11-02 09:56:19', NULL, 'expired', '2023-11-02 09:56:19', '2023-11-02 09:56:19'),
	(557, 618, 7, 109, 114, NULL, 10, '20402039', '7030128', '0128', 'SMAS PEMBANGUNAN I WONOSARI', 'BHPNU', NULL, '274391122', NULL, 'suharmuji123@yahoo.com', '1977', 'KEC. WONOSARI', 'KEPEK', 'Jalan Tentara Pelajar No. 44, Trimulyo 1, Kepek, Wonosari, Gunungkidul', NULL, NULL, '2023-11-02 09:56:20', NULL, 'expired', '2023-11-02 09:56:20', '2023-11-02 09:56:20'),
	(558, 619, 7, 109, 114, NULL, 10, '20402052', '7030129', '0129', 'SMA PEMBANGUNAN 2 KARANGMOJO', 'BHPNU', NULL, '274392277', NULL, 'dra.triwulandari@gmail.com', '1978', 'KEC. KARANGMOJO', 'KARANGMOJO', 'SRIMPI , KARANGMOJO 55891', NULL, NULL, '2023-11-02 09:56:21', NULL, 'expired', '2023-11-02 09:56:22', '2023-11-02 09:56:22'),
	(559, 620, 7, 109, 114, NULL, 10, '20402054', '7030130', '0130', 'SMA PEMBANGUNAN 3 PONJONG', 'BHPNU', NULL, '2742910458', NULL, 'wihardi23@gmail.com', '1978', 'KEC. PONJONG', 'SUMBERGIRI', 'Koripan', NULL, NULL, '2023-11-02 09:56:23', NULL, 'expired', '2023-11-02 09:56:23', '2023-11-02 09:56:23'),
	(560, 621, 7, 109, 114, NULL, 11, '20409842', '7030131', '0131', 'SMK MAARIF NGAWEN', 'BHPNU', NULL, '87825749729', NULL, 'smkmaarif09@gmail.com', '2010', 'KEC. NGAWEN', 'SAMBIREJO', 'SAMBENG III', NULL, NULL, '2023-11-02 09:56:24', NULL, 'expired', '2023-11-02 09:56:24', '2023-11-02 09:56:24'),
	(561, 622, 7, 109, 114, NULL, 11, '20407399', '7030132', '0132', 'SMK MAARIF PONJONG', 'BHPNU', NULL, '2742910458', NULL, 'erwansya17@gmail.com', '2008', 'KEC. PONJONG', 'SUMBERGIRI', 'KORIPAN 1', NULL, NULL, '2023-11-02 09:56:25', NULL, 'expired', '2023-11-02 09:56:25', '2023-11-02 09:56:25'),
	(562, 623, 7, 109, 114, NULL, 11, '20409907', '7030133', '0133', 'SMK MAARIF PLAYEN', 'BHPNU', NULL, '8175481038', NULL, 'ninikningsihnew@gmail.com', '2010', 'KEC. PLAYEN', 'PLAYEN', 'Playen 1 RT 01 RW 01, Playen, Gunungkidul', NULL, NULL, '2023-11-02 09:56:26', NULL, 'expired', '2023-11-02 09:56:26', '2023-11-02 09:56:26'),
	(563, 624, 7, 109, 114, NULL, 12, '20363275', '7030134', '0134', 'MAS YAPPI GUBUKRUBUH', 'BHPNU', NULL, '83843159484', NULL, 'iswahyudijauhari@gmail.com', '1969', 'KEC. PLAYEN', 'GETAS', 'GUBUKRUBUH', NULL, NULL, '2023-11-02 09:56:28', NULL, 'expired', '2023-11-02 09:56:28', '2023-11-02 09:56:28'),
	(564, 625, 7, 110, 115, NULL, 7, '60713983', '7040135', '0135', 'MI MA`ARIF KLANGON', 'BHPNU', NULL, '81328097717', NULL, 'Juniarifin2@gmail.com', '1987', 'KEC. KALIBAWANG', 'BANJAROYO', 'BEJI', NULL, NULL, '2023-11-02 09:56:29', NULL, 'expired', '2023-11-02 09:56:29', '2023-11-02 09:56:29'),
	(565, 626, 7, 110, 115, NULL, 7, '60713984', '7040136', '0136', 'MI MA`ARIF BRAJAN', 'BHPNU', NULL, '85226873272', NULL, 'mi_mabra@yahoo.com', '1968', 'KEC. KALIBAWANG', 'BANJARARUM', 'BRAJAN', NULL, NULL, '2023-11-02 09:56:31', NULL, 'expired', '2023-11-02 09:56:31', '2023-11-02 09:56:31'),
	(566, 627, 7, 110, 115, NULL, 7, '60713997', '7040137', '0137', 'MI MA`ARIF SENDANG', 'BHPNU', NULL, '8122580410', NULL, 'mismaarifsendang@yahoo.co.id', '1968', 'KEC. PENGASIH', 'KARANGSARI', 'SENDANG', NULL, NULL, '2023-11-02 09:56:32', NULL, 'expired', '2023-11-02 09:56:32', '2023-11-02 09:56:32'),
	(567, 628, 7, 110, 115, NULL, 7, '60714008', '7040138', '0138', 'MI MA`ARIF KARANGWUNI', 'BHPNU', NULL, '85292211964', NULL, 'Hartati.hl@gmail.Com', '1965', 'KEC. WATES', 'KARANGWUNI', 'KARANGWUNI', NULL, NULL, '2023-11-02 09:56:34', NULL, 'expired', '2023-11-02 09:56:34', '2023-11-02 09:56:34'),
	(568, 629, 7, 110, 115, NULL, 7, '60713994', '7040139', '0139', 'MI MA`ARIF BOJONG', 'BHPNU', NULL, '83845396940', NULL, 'mimaarif_bojong@yahoo.com', '1968', 'KEC. PANJATAN', 'BOJONG', 'BOJONG', NULL, NULL, '2023-11-02 09:56:36', NULL, 'expired', '2023-11-02 09:56:36', '2023-11-02 09:56:36'),
	(569, 630, 7, 110, 115, NULL, 7, '60713991', '7040140', '0140', 'MI MA`ARIF NGIPIK', 'BHPNU', NULL, '81223423590', NULL, 'nahda201@gmail.com', '1976', 'KEC. LENDAH', 'BUMIREJO', 'Ngipik', NULL, NULL, '2023-11-02 09:56:37', NULL, 'expired', '2023-11-02 09:56:37', '2023-11-02 09:56:37'),
	(570, 631, 7, 110, 115, NULL, 11, '20402829', '7040141', '0141', 'SMK MAARIF 1 WATES', 'BHPNU', NULL, '274773565', NULL, 'rahmatmrf@gmail.com', '1985', 'KEC. WATES', 'WATES', 'JL. PUNTODEWO. GADINGAN, WATES, KULON PROGO', NULL, NULL, '2023-11-02 09:56:38', NULL, 'expired', '2023-11-02 09:56:38', '2023-11-02 09:56:38'),
	(571, 632, 7, 110, 115, NULL, 11, '20407396', '7040142', '0142', 'SMK MAARIF 3 WATES', 'BHPNU', NULL, '274773236', NULL, 'samsudin11012@gmail.com', '2008', 'KEC. WATES', 'WATES', 'GADINGAN', NULL, NULL, '2023-11-02 09:56:40', NULL, 'expired', '2023-11-02 09:56:40', '2023-11-02 09:56:40'),
	(572, 633, 7, 110, 115, NULL, 11, '20402784', '7040143', '0143', 'SMK MAARIF 1 TEMON', 'BHPNU', NULL, '2746472568', NULL, 'rohwanto74@gmail.com', '1985', 'KEC. TEMON', 'TEMON WETAN', 'JL. RAYA WATES PURWOREJO', NULL, NULL, '2023-11-02 09:56:41', NULL, 'expired', '2023-11-02 09:56:41', '2023-11-02 09:56:42'),
	(573, 634, 7, 110, 115, NULL, 11, '20402831', '7040144', '0144', 'SMK MAARIF 2 TEMON', 'BHPNU', NULL, '8112631942', NULL, 'sulardi.n@gmail.com', '1998', 'KEC. TEMON', 'SINDUTAN', 'JL. WATES-PURWOREJO KM 14 TEMON', NULL, NULL, '2023-11-02 09:56:43', NULL, 'expired', '2023-11-02 09:56:43', '2023-11-02 09:56:43'),
	(574, 635, 7, 110, 115, NULL, 11, '20402835', '7040145', '0145', 'SMK MAARIF 1 NANGGULAN', 'BHPNU', NULL, '2742820106', NULL, 'sarwidiu@gmail.com', '1998', 'KEC. NANGGULAN', 'JATISARONO', 'JL. SENTOLO-MUNTILAN', NULL, NULL, '2023-11-02 09:56:44', NULL, 'expired', '2023-11-02 09:56:44', '2023-11-02 09:56:44'),
	(575, 636, 7, 110, 115, NULL, 11, '20409816', '7040146', '0146', 'SMK MAARIF 1 KALIBAWANG', 'BHPNU', NULL, '82133420706', NULL, 'smk.maarifkalibawang@yahoo.co.id', '2010', 'KEC. KALIBAWANG', 'BANJAROYO', 'Pantog Wetan', NULL, NULL, '2023-11-02 09:56:45', NULL, 'expired', '2023-11-02 09:56:45', '2023-11-02 09:56:45'),
	(576, 637, 7, 110, 115, NULL, 11, '20409791', '7040147', '0147', 'SMK MAARIF NURUL HAROMAIN SENTOLO', 'BHPNU', NULL, '81914549698', NULL, 'riapanca@gmail.com', '2012', 'KEC. SENTOLO', 'TUKSONO', 'Taruban Kulon', NULL, NULL, '2023-11-02 09:56:46', NULL, 'expired', '2023-11-02 09:56:46', '2023-11-02 09:56:46'),
	(577, 638, 7, 110, 115, NULL, 10, '20402798', '7040148', '0148', 'SMA MAARIF WATES', 'BHPNU', NULL, '2747721351', NULL, 'sri.nahriyati@gmail.com', '1979', 'KEC. WATES', 'WATES', 'Jl. Gadingan', NULL, NULL, '2023-11-02 09:56:48', NULL, 'expired', '2023-11-02 09:56:48', '2023-11-02 09:56:48'),
	(578, 639, 7, 110, 115, NULL, 12, '69976399', '7040149', '0149', 'MA MA`ARIF NURUL HAROMAIN', 'BHPNU', NULL, '85606881006', NULL, 'musonnif.haromain@gmail.com', '2017', 'KEC. SENTOLO', 'TUKSONO', 'TARUBAN KULON,TUKSONO,SENTOLO,KULON PROGO, D.I. YOGYAKARTA 55664', NULL, NULL, '2023-11-02 09:56:50', NULL, 'expired', '2023-11-02 09:56:50', '2023-11-02 09:56:50'),
	(579, 640, 7, 110, 115, NULL, 9, '69976389', '7040150', '0150', 'MTS MA`ARIF NURUL DHOLAM PENGASIH', 'BHPNU', NULL, '83103583323', NULL, 'imadmuhammad145@gmail.com', '2017', 'KEC. PENGASIH', 'PENGASIH', 'PENGASIH', NULL, NULL, '2023-11-02 09:56:51', NULL, 'expired', '2023-11-02 09:56:51', '2023-11-02 09:56:51'),
	(580, 641, 7, 111, 116, NULL, 8, '20403230', '7050151', '0151', 'SMP PEMBANGUNAN MAARIF YOGYAKARTA', 'BHPNU', NULL, '85648814044', NULL, 'anasruddin78@gmail.com', '1981', 'KEC. GEDONGTENGEN', 'SOSROMENDURAN', 'Jl. Dagen, Gt.1/509 YOGYAKARTA', NULL, NULL, '2023-11-02 09:56:53', NULL, 'expired', '2023-11-02 09:56:53', '2023-11-02 09:56:53'),
	(581, 642, 7, 111, 116, NULL, 10, '20404172', '7050152', '0152', 'SMAS MA ARIF YOGYAKARTA', 'BHPNU', NULL, '2745011710', NULL, 'drs.rusmana@gmail.com', '1984', 'KEC. GEDONGTENGEN', 'SOSROMENDURAN', 'JL. DAGEN GT I /.509', NULL, NULL, '2023-11-02 09:56:54', NULL, 'expired', '2023-11-02 09:56:54', '2023-11-02 09:56:54'),
	(582, 643, 7, 109, 114, NULL, 12, '20363274', '7030153', '0153', 'MAS MA`ARIF NGLIPAR', 'BHPNU', NULL, NULL, NULL, NULL, NULL, 'KEC. NGLIPAR', 'KEDUNGPOH', 'Sinom RT 03/05', NULL, NULL, '2023-11-02 10:00:18', NULL, 'expired', '2023-11-02 10:00:18', '2023-11-02 10:00:18'),
	(583, 644, 7, 108, 113, NULL, 7, '20400547', '7020154', '0154', 'MIS MA`ARIF PIJENAN', 'BHPNU', NULL, NULL, NULL, NULL, NULL, 'KEC. PANDAK', 'WIJIREJO', 'NGEBLAK', NULL, NULL, '2023-11-02 10:00:19', NULL, 'expired', '2023-11-02 10:00:19', '2023-11-02 10:00:19'),
	(584, 645, 7, 107, 112, NULL, 12, '20411887', '7010155', '0155', 'MAS WAHID HASYIM', 'BHPNU', NULL, NULL, NULL, NULL, NULL, 'KEC. DEPOK', 'CONDONG CATUR', 'Jl.Wahid Hasyim No. 3, Gaten, Condongcatur, Depok, Sleman, Yogyakarta ( 55283 )', NULL, NULL, '2023-11-02 10:00:20', NULL, 'expired', '2023-11-02 10:00:21', '2023-11-02 10:00:21'),
	(585, 646, 7, 108, 113, NULL, 9, '20411945', '7020156', '0156', 'MTSS HASYIM ASY`ARI', 'BHPNU', NULL, NULL, NULL, NULL, NULL, 'KEC. PIYUNGAN', 'SRIMARTANI', 'JL. PIYUNGAN-PRAMBANAN KM 01, MUNGGUR', NULL, NULL, '2023-11-02 10:00:22', NULL, 'expired', '2023-11-02 10:00:22', '2023-11-02 10:00:22'),
	(586, 647, 7, 107, 112, NULL, 9, '20411986', '7010157', '0157', 'MTSS WAHID HASYIM', 'BHPNU', NULL, NULL, NULL, NULL, NULL, 'KEC. DEPOK', 'CATUR TUNGGAL', 'JL. WAHID HASYIM GATEN', NULL, NULL, '2023-11-02 10:00:23', NULL, 'expired', '2023-11-02 10:00:23', '2023-11-02 10:00:23'),
	(587, 648, 7, 110, 115, NULL, 7, '60713999', '7040158', '0158', 'MI MA`ARIF PAGERHARJO', 'BHPNU', NULL, NULL, NULL, NULL, NULL, 'KEC. SAMIGALUH', 'PAGERHARJO', 'Ngemplak', NULL, NULL, '2023-11-02 10:00:24', NULL, 'expired', '2023-11-02 10:00:25', '2023-11-02 10:00:25'),
	(588, 649, 7, 110, 115, NULL, 7, '60714002', '7040159', '0159', 'MI MA`ARIF PETET', 'BHPNU', NULL, NULL, NULL, NULL, NULL, 'KEC. SAMIGALUH', 'NGARGOSARI', 'Petet', NULL, NULL, '2023-11-02 10:00:26', NULL, 'expired', '2023-11-02 10:00:26', '2023-11-02 10:00:26'),
	(589, 650, 7, 107, 112, NULL, 7, '60714116', '7010160', '0160', 'MIS WAHID HASYIM', 'BHPNU', NULL, NULL, NULL, NULL, NULL, 'KEC. DEPOK', 'CONDONG CATUR', 'JL. Cendrawasih, No 001, Pringwulung', NULL, NULL, '2023-11-02 10:00:29', NULL, 'expired', '2023-11-02 10:00:29', '2023-11-02 10:00:29'),
	(590, 651, 7, 110, 115, NULL, 9, '69788348', '7040161', '0161', 'MTS MA`ARIF NURUL HAROMAIN', 'BHPNU', NULL, NULL, NULL, NULL, NULL, 'KEC. SENTOLO', 'TUKSONO', 'TARUBAN KULON, TUKSONO', NULL, NULL, '2023-11-02 10:00:31', NULL, 'expired', '2023-11-02 10:00:31', '2023-11-02 10:00:31'),
	(591, 652, 7, 108, 113, NULL, 8, '20400431', '7020162', '0162', 'SMP AL MA ARIF BANTUL', 'BHPNU', NULL, NULL, NULL, NULL, NULL, 'KEC. SEWON', 'TIMBULHARJO', 'Jl. Imogiri Barat KM. 8 Sorogenen', NULL, NULL, '2023-11-02 10:00:33', NULL, 'expired', '2023-11-02 10:00:33', '2023-11-02 10:00:33'),
	(592, 653, 7, 109, 114, NULL, 8, '20401942', '7030163', '0163', 'SMP PEMBANGUNAN PONJONG', 'BHPNU', NULL, NULL, NULL, NULL, NULL, 'KEC. PONJONG', 'SIDOREJO', 'Tegalrejo,sidorejo, Ponjong, Gunungkidul', NULL, NULL, '2023-11-02 10:00:34', NULL, 'expired', '2023-11-02 10:00:34', '2023-11-02 10:00:34'),
	(593, 654, 7, 110, 115, NULL, 8, '20402728', '7040164', '0164', 'SMP MA ARIF KALIBAWANG', 'BHPNU', NULL, NULL, NULL, NULL, NULL, 'KEC. KALIBAWANG', 'BANJAROYO', 'Klangon', NULL, NULL, '2023-11-02 10:00:35', NULL, 'expired', '2023-11-02 10:00:36', '2023-11-02 10:00:36'),
	(594, 655, 7, 110, 115, NULL, 8, '20402729', '7040165', '0165', 'SMP MAARIF YANI NANGGULAN', 'BHPNU', NULL, NULL, NULL, NULL, NULL, 'KEC. NANGGULAN', 'KEMBANG', 'Pundak Tegal', NULL, NULL, '2023-11-02 10:00:37', NULL, 'expired', '2023-11-02 10:00:37', '2023-11-02 10:00:37'),
	(595, 656, 7, 109, 114, NULL, 5, '20408491', '7030166', '0166', 'TK MASYITHOH NGLERI I', 'BHPNU', NULL, NULL, NULL, NULL, NULL, 'KEC. PLAYEN', 'NGLERI', 'NGLERI KULON', NULL, NULL, '2023-11-02 10:00:38', NULL, 'expired', '2023-11-02 10:00:38', '2023-11-02 10:00:38'),
	(596, 657, 7, 108, 113, NULL, 11, '20409902', '7020167', '0167', 'SMK AL MUNAWWIR KRAPYAK', 'BHPNU', NULL, NULL, NULL, NULL, NULL, 'KEC. SEWON', 'PANGGUNGHARJO', 'JL. KH Ali Maksum Krapyak, Panggungharjo, Sewon, Bantul, D.I. Yogyakarta', NULL, NULL, '2023-11-02 10:00:39', NULL, 'expired', '2023-11-02 10:00:39', '2023-11-02 10:00:39'),
	(597, 658, 7, 110, 115, NULL, 7, '60713988', '7040168', '0168', 'MI MA`ARIF PLAMPANG', 'BHPNU', NULL, NULL, NULL, NULL, NULL, 'KEC. KOKAP', 'HARGOMULYO', 'Plampang III', NULL, NULL, '2023-11-02 10:00:40', NULL, 'expired', '2023-11-02 10:00:40', '2023-11-02 10:00:40'),
	(598, 659, 7, 110, 115, NULL, 7, '60714006', '7040169', '0169', 'MI MA`ARIF DONDONG', 'BHPNU', NULL, NULL, NULL, NULL, NULL, 'KEC. WATES', 'BENDUNGAN', 'Dondong', NULL, NULL, '2023-11-02 10:00:42', NULL, 'expired', '2023-11-02 10:00:42', '2023-11-02 10:00:42'),
	(599, 660, 7, 109, 114, NULL, 7, '60714069', '7030170', '0170', 'MIS YAPPI KALONGAN', 'BHPNU', NULL, NULL, NULL, NULL, NULL, 'KEC. PLAYEN', 'DENGOK', 'DENGOK VI, DENGOK, PLAYEN, GUNUNGKIDUL', NULL, NULL, '2023-11-02 10:00:43', NULL, 'expired', '2023-11-02 10:00:44', '2023-11-02 10:00:44'),
	(600, 661, 7, 108, 113, NULL, 6, '69768178', '7020171', '0171', 'SDS IT BINA ANAK ISLAM KRAPYAK', 'BHPNU', NULL, NULL, NULL, NULL, NULL, 'KEC. SEWON', 'PANGGUNGHARJO', 'JL. K. H. ALI MAKSUM KRAPYAK KULON', NULL, NULL, '2023-11-02 10:00:47', NULL, 'expired', '2023-11-02 10:00:47', '2023-11-02 10:00:47'),
	(601, 662, 7, 109, 114, NULL, 8, '69873978', '7030172', '0172', 'SMP AL ISLAM WONOSARI', 'BHPNU', NULL, NULL, NULL, NULL, NULL, 'KEC. WONOSARI', 'KEPEK', 'Jl. Tentara Pelajar Trimulyo, Kepek, Wonosari, Gunungkidul', NULL, NULL, '2023-11-02 10:00:49', NULL, 'expired', '2023-11-02 10:00:50', '2023-11-02 10:00:50'),
	(602, 663, 7, 110, 115, NULL, 7, '60713987', '7040173', '0173', 'MI MA`ARIF SANGON', 'BHPNU', NULL, '81802643009', NULL, 'mimaarifsangon@yahoo.com', '1956', 'KEC. KOKAP', 'KALIREJO', 'Sangon', NULL, NULL, '2023-11-02 10:05:38', NULL, 'expired', '2023-11-02 10:05:38', '2023-11-02 10:05:38'),
	(603, 664, 13, 196, 201, 1, 11, '69990477', '13040174', '0174', 'SMK MAARIF NU MARTAPURA', 'BHPNU', 'St. Nur Ainiah, M.Pd.I', '082149676160', '0', 'smkmnu.mtp@gmail.com', '2017', 'KEC. MARTAPURA BARAT', 'PENGGALAMAN', 'Jl. Martapura Lama RT.01, Desa Penggalaman, Kecamatan Martapura Barat, Kab. Banj', 'jamiyah', 'LP Ma\'arif NU', '2023-11-03 03:15:54', NULL, 'expired', '2023-11-03 03:15:54', '2023-11-03 08:00:53'),
	(610, 671, 1, 1, 1, 1, 1, '00000001', '1010175', '0175', 'sekolah saya', 'BHPNU', 'Dr. Faisol', '0823412342', NULL, 'coba@gmail.com', '2018', 'coba', 'coba keluarahan', 'coba alamat', 'jamiyah', 'Faisol', '2024-09-09 09:34:57', NULL, 'permohonan', '2024-09-09 02:34:57', '2024-09-09 02:34:57');

-- Dumping structure for table testing_lpmaarif.settings
CREATE TABLE IF NOT EXISTS `settings` (
  `id` bigint unsigned NOT NULL AUTO_INCREMENT,
  `describe` varchar(100) COLLATE utf8mb4_unicode_ci NOT NULL,
  `lookup` varchar(100) COLLATE utf8mb4_unicode_ci NOT NULL,
  `value` varchar(255) COLLATE utf8mb4_unicode_ci NOT NULL,
  `created_at` timestamp NULL DEFAULT NULL,
  `updated_at` timestamp NULL DEFAULT NULL,
  PRIMARY KEY (`id`),
  UNIQUE KEY `settings_lookup_unique` (`lookup`)
) ENGINE=InnoDB DEFAULT CHARSET=utf8mb4 COLLATE=utf8mb4_unicode_ci;

-- Dumping data for table testing_lpmaarif.settings: ~0 rows (approximately)
DELETE FROM `settings`;

-- Dumping structure for table testing_lpmaarif.timeline_reg
CREATE TABLE IF NOT EXISTS `timeline_reg` (
  `id_timeline` bigint unsigned NOT NULL AUTO_INCREMENT,
  `id_satpen` bigint unsigned NOT NULL,
  `status_verifikasi` varchar(45) CHARACTER SET utf8mb4 COLLATE utf8mb4_unicode_ci NOT NULL,
  `tgl_status` datetime NOT NULL,
  `keterangan` text CHARACTER SET utf8mb4 COLLATE utf8mb4_unicode_ci,
  `created_at` timestamp NULL DEFAULT NULL,
  `updated_at` timestamp NULL DEFAULT NULL,
  PRIMARY KEY (`id_timeline`),
  KEY `timeline_reg_id_satpen_foreign` (`id_satpen`),
  CONSTRAINT `timeline_reg_id_satpen_foreign` FOREIGN KEY (`id_satpen`) REFERENCES `satpen` (`id_satpen`) ON DELETE CASCADE ON UPDATE CASCADE
) ENGINE=InnoDB AUTO_INCREMENT=639 DEFAULT CHARSET=utf8mb4 COLLATE=utf8mb4_unicode_ci;

-- Dumping data for table testing_lpmaarif.timeline_reg: ~177 rows (approximately)
DELETE FROM `timeline_reg`;
INSERT INTO `timeline_reg` (`id_timeline`, `id_satpen`, `status_verifikasi`, `tgl_status`, `keterangan`, `created_at`, `updated_at`) VALUES
	(451, 430, 'expired', '2023-11-02 09:41:12', 'import by system', '2023-11-02 09:41:12', '2023-11-02 09:41:12'),
	(452, 431, 'expired', '2023-11-02 09:41:14', 'import by system', '2023-11-02 09:41:14', '2023-11-02 09:41:14'),
	(453, 432, 'expired', '2023-11-02 09:41:15', 'import by system', '2023-11-02 09:41:15', '2023-11-02 09:41:15'),
	(454, 433, 'expired', '2023-11-02 09:41:16', 'import by system', '2023-11-02 09:41:16', '2023-11-02 09:41:16'),
	(455, 434, 'expired', '2023-11-02 09:41:18', 'import by system', '2023-11-02 09:41:18', '2023-11-02 09:41:18'),
	(456, 435, 'expired', '2023-11-02 09:41:19', 'import by system', '2023-11-02 09:41:19', '2023-11-02 09:41:19'),
	(457, 436, 'expired', '2023-11-02 09:41:20', 'import by system', '2023-11-02 09:41:20', '2023-11-02 09:41:20'),
	(458, 437, 'expired', '2023-11-02 09:41:22', 'import by system', '2023-11-02 09:41:22', '2023-11-02 09:41:22'),
	(459, 438, 'expired', '2023-11-02 09:41:23', 'import by system', '2023-11-02 09:41:23', '2023-11-02 09:41:23'),
	(460, 439, 'expired', '2023-11-02 09:41:24', 'import by system', '2023-11-02 09:41:24', '2023-11-02 09:41:24'),
	(461, 440, 'expired', '2023-11-02 09:41:25', 'import by system', '2023-11-02 09:41:25', '2023-11-02 09:41:25'),
	(462, 441, 'expired', '2023-11-02 09:41:27', 'import by system', '2023-11-02 09:41:27', '2023-11-02 09:41:27'),
	(463, 442, 'expired', '2023-11-02 09:41:28', 'import by system', '2023-11-02 09:41:28', '2023-11-02 09:41:28'),
	(464, 443, 'expired', '2023-11-02 09:41:29', 'import by system', '2023-11-02 09:41:29', '2023-11-02 09:41:29'),
	(465, 444, 'expired', '2023-11-02 09:41:30', 'import by system', '2023-11-02 09:41:30', '2023-11-02 09:41:30'),
	(466, 445, 'expired', '2023-11-02 09:41:31', 'import by system', '2023-11-02 09:41:31', '2023-11-02 09:41:31'),
	(467, 446, 'expired', '2023-11-02 09:41:33', 'import by system', '2023-11-02 09:41:33', '2023-11-02 09:41:33'),
	(468, 447, 'expired', '2023-11-02 09:41:34', 'import by system', '2023-11-02 09:41:34', '2023-11-02 09:41:34'),
	(469, 448, 'expired', '2023-11-02 09:41:35', 'import by system', '2023-11-02 09:41:35', '2023-11-02 09:41:35'),
	(470, 449, 'expired', '2023-11-02 09:41:36', 'import by system', '2023-11-02 09:41:36', '2023-11-02 09:41:36'),
	(471, 450, 'expired', '2023-11-02 09:41:37', 'import by system', '2023-11-02 09:41:37', '2023-11-02 09:41:37'),
	(472, 451, 'expired', '2023-11-02 09:41:38', 'import by system', '2023-11-02 09:41:38', '2023-11-02 09:41:38'),
	(473, 452, 'expired', '2023-11-02 09:41:39', 'import by system', '2023-11-02 09:41:39', '2023-11-02 09:41:39'),
	(474, 453, 'expired', '2023-11-02 09:41:41', 'import by system', '2023-11-02 09:41:41', '2023-11-02 09:41:41'),
	(475, 454, 'expired', '2023-11-02 09:41:42', 'import by system', '2023-11-02 09:41:42', '2023-11-02 09:41:42'),
	(476, 455, 'expired', '2023-11-02 09:41:43', 'import by system', '2023-11-02 09:41:43', '2023-11-02 09:41:43'),
	(477, 456, 'expired', '2023-11-02 09:41:44', 'import by system', '2023-11-02 09:41:44', '2023-11-02 09:41:44'),
	(478, 457, 'expired', '2023-11-02 09:41:45', 'import by system', '2023-11-02 09:41:45', '2023-11-02 09:41:45'),
	(479, 458, 'expired', '2023-11-02 09:41:46', 'import by system', '2023-11-02 09:41:46', '2023-11-02 09:41:46'),
	(480, 459, 'expired', '2023-11-02 09:41:48', 'import by system', '2023-11-02 09:41:48', '2023-11-02 09:41:48'),
	(481, 460, 'expired', '2023-11-02 09:41:49', 'import by system', '2023-11-02 09:41:49', '2023-11-02 09:41:49'),
	(482, 461, 'expired', '2023-11-02 09:41:50', 'import by system', '2023-11-02 09:41:50', '2023-11-02 09:41:50'),
	(483, 462, 'expired', '2023-11-02 09:41:51', 'import by system', '2023-11-02 09:41:51', '2023-11-02 09:41:51'),
	(484, 463, 'expired', '2023-11-02 09:41:52', 'import by system', '2023-11-02 09:41:52', '2023-11-02 09:41:52'),
	(485, 464, 'expired', '2023-11-02 09:41:53', 'import by system', '2023-11-02 09:41:53', '2023-11-02 09:41:53'),
	(486, 465, 'expired', '2023-11-02 09:41:55', 'import by system', '2023-11-02 09:41:55', '2023-11-02 09:41:55'),
	(487, 466, 'expired', '2023-11-02 09:41:56', 'import by system', '2023-11-02 09:41:56', '2023-11-02 09:41:56'),
	(488, 467, 'expired', '2023-11-02 09:41:57', 'import by system', '2023-11-02 09:41:57', '2023-11-02 09:41:57'),
	(489, 468, 'expired', '2023-11-02 09:41:58', 'import by system', '2023-11-02 09:41:58', '2023-11-02 09:41:58'),
	(490, 469, 'expired', '2023-11-02 09:41:59', 'import by system', '2023-11-02 09:41:59', '2023-11-02 09:41:59'),
	(491, 470, 'expired', '2023-11-02 09:42:00', 'import by system', '2023-11-02 09:42:00', '2023-11-02 09:42:00'),
	(492, 471, 'expired', '2023-11-02 09:42:01', 'import by system', '2023-11-02 09:42:01', '2023-11-02 09:42:01'),
	(493, 472, 'expired', '2023-11-02 09:42:02', 'import by system', '2023-11-02 09:42:02', '2023-11-02 09:42:02'),
	(494, 473, 'expired', '2023-11-02 09:42:03', 'import by system', '2023-11-02 09:42:03', '2023-11-02 09:42:03'),
	(495, 474, 'expired', '2023-11-02 09:42:04', 'import by system', '2023-11-02 09:42:04', '2023-11-02 09:42:04'),
	(496, 475, 'expired', '2023-11-02 09:42:06', 'import by system', '2023-11-02 09:42:06', '2023-11-02 09:42:06'),
	(497, 476, 'expired', '2023-11-02 09:42:07', 'import by system', '2023-11-02 09:42:07', '2023-11-02 09:42:07'),
	(498, 477, 'expired', '2023-11-02 09:42:08', 'import by system', '2023-11-02 09:42:08', '2023-11-02 09:42:08'),
	(499, 478, 'expired', '2023-11-02 09:42:09', 'import by system', '2023-11-02 09:42:09', '2023-11-02 09:42:09'),
	(500, 479, 'expired', '2023-11-02 09:42:11', 'import by system', '2023-11-02 09:42:11', '2023-11-02 09:42:11'),
	(501, 480, 'expired', '2023-11-02 09:42:12', 'import by system', '2023-11-02 09:42:12', '2023-11-02 09:42:12'),
	(502, 481, 'expired', '2023-11-02 09:42:13', 'import by system', '2023-11-02 09:42:13', '2023-11-02 09:42:13'),
	(503, 482, 'expired', '2023-11-02 09:42:14', 'import by system', '2023-11-02 09:42:14', '2023-11-02 09:42:14'),
	(504, 483, 'expired', '2023-11-02 09:42:15', 'import by system', '2023-11-02 09:42:15', '2023-11-02 09:42:15'),
	(505, 484, 'expired', '2023-11-02 09:42:17', 'import by system', '2023-11-02 09:42:17', '2023-11-02 09:42:17'),
	(506, 485, 'expired', '2023-11-02 09:42:18', 'import by system', '2023-11-02 09:42:18', '2023-11-02 09:42:18'),
	(507, 486, 'expired', '2023-11-02 09:42:19', 'import by system', '2023-11-02 09:42:19', '2023-11-02 09:42:19'),
	(508, 487, 'expired', '2023-11-02 09:42:20', 'import by system', '2023-11-02 09:42:20', '2023-11-02 09:42:20'),
	(509, 488, 'expired', '2023-11-02 09:42:21', 'import by system', '2023-11-02 09:42:21', '2023-11-02 09:42:21'),
	(510, 489, 'expired', '2023-11-02 09:42:22', 'import by system', '2023-11-02 09:42:22', '2023-11-02 09:42:22'),
	(511, 490, 'expired', '2023-11-02 09:42:23', 'import by system', '2023-11-02 09:42:23', '2023-11-02 09:42:23'),
	(512, 491, 'expired', '2023-11-02 09:42:24', 'import by system', '2023-11-02 09:42:24', '2023-11-02 09:42:24'),
	(513, 492, 'expired', '2023-11-02 09:42:25', 'import by system', '2023-11-02 09:42:25', '2023-11-02 09:42:25'),
	(514, 493, 'expired', '2023-11-02 09:42:26', 'import by system', '2023-11-02 09:42:26', '2023-11-02 09:42:26'),
	(515, 494, 'expired', '2023-11-02 09:42:27', 'import by system', '2023-11-02 09:42:27', '2023-11-02 09:42:27'),
	(516, 495, 'expired', '2023-11-02 09:42:28', 'import by system', '2023-11-02 09:42:28', '2023-11-02 09:42:28'),
	(517, 496, 'expired', '2023-11-02 09:42:30', 'import by system', '2023-11-02 09:42:30', '2023-11-02 09:42:30'),
	(518, 497, 'expired', '2023-11-02 09:42:31', 'import by system', '2023-11-02 09:42:31', '2023-11-02 09:42:31'),
	(519, 498, 'expired', '2023-11-02 09:42:32', 'import by system', '2023-11-02 09:42:32', '2023-11-02 09:42:32'),
	(520, 499, 'expired', '2023-11-02 09:42:33', 'import by system', '2023-11-02 09:42:33', '2023-11-02 09:42:33'),
	(521, 500, 'expired', '2023-11-02 09:42:34', 'import by system', '2023-11-02 09:42:34', '2023-11-02 09:42:34'),
	(522, 501, 'expired', '2023-11-02 09:42:36', 'import by system', '2023-11-02 09:42:36', '2023-11-02 09:42:36'),
	(523, 502, 'expired', '2023-11-02 09:42:37', 'import by system', '2023-11-02 09:42:37', '2023-11-02 09:42:37'),
	(524, 503, 'expired', '2023-11-02 09:42:38', 'import by system', '2023-11-02 09:42:38', '2023-11-02 09:42:38'),
	(525, 504, 'expired', '2023-11-02 09:42:39', 'import by system', '2023-11-02 09:42:39', '2023-11-02 09:42:39'),
	(526, 505, 'expired', '2023-11-02 09:42:40', 'import by system', '2023-11-02 09:42:40', '2023-11-02 09:42:40'),
	(527, 506, 'expired', '2023-11-02 09:42:41', 'import by system', '2023-11-02 09:42:41', '2023-11-02 09:42:41'),
	(528, 507, 'expired', '2023-11-02 09:42:42', 'import by system', '2023-11-02 09:42:42', '2023-11-02 09:42:42'),
	(529, 508, 'expired', '2023-11-02 09:42:43', 'import by system', '2023-11-02 09:42:43', '2023-11-02 09:42:43'),
	(530, 509, 'expired', '2023-11-02 09:42:45', 'import by system', '2023-11-02 09:42:45', '2023-11-02 09:42:45'),
	(531, 510, 'expired', '2023-11-02 09:42:46', 'import by system', '2023-11-02 09:42:46', '2023-11-02 09:42:46'),
	(532, 511, 'expired', '2023-11-02 09:42:48', 'import by system', '2023-11-02 09:42:48', '2023-11-02 09:42:48'),
	(533, 512, 'expired', '2023-11-02 09:42:49', 'import by system', '2023-11-02 09:42:49', '2023-11-02 09:42:49'),
	(534, 513, 'expired', '2023-11-02 09:42:50', 'import by system', '2023-11-02 09:42:50', '2023-11-02 09:42:50'),
	(535, 514, 'expired', '2023-11-02 09:55:22', 'import by system', '2023-11-02 09:55:22', '2023-11-02 09:55:22'),
	(536, 515, 'expired', '2023-11-02 09:55:23', 'import by system', '2023-11-02 09:55:23', '2023-11-02 09:55:23'),
	(537, 516, 'expired', '2023-11-02 09:55:24', 'import by system', '2023-11-02 09:55:24', '2023-11-02 09:55:24'),
	(538, 517, 'expired', '2023-11-02 09:55:27', 'import by system', '2023-11-02 09:55:27', '2023-11-02 09:55:27'),
	(539, 518, 'expired', '2023-11-02 09:55:28', 'import by system', '2023-11-02 09:55:28', '2023-11-02 09:55:28'),
	(540, 519, 'expired', '2023-11-02 09:55:29', 'import by system', '2023-11-02 09:55:29', '2023-11-02 09:55:29'),
	(541, 520, 'expired', '2023-11-02 09:55:30', 'import by system', '2023-11-02 09:55:30', '2023-11-02 09:55:30'),
	(542, 521, 'expired', '2023-11-02 09:55:32', 'import by system', '2023-11-02 09:55:32', '2023-11-02 09:55:32'),
	(543, 522, 'expired', '2023-11-02 09:55:33', 'import by system', '2023-11-02 09:55:33', '2023-11-02 09:55:33'),
	(544, 523, 'expired', '2023-11-02 09:55:36', 'import by system', '2023-11-02 09:55:36', '2023-11-02 09:55:36'),
	(545, 524, 'expired', '2023-11-02 09:55:37', 'import by system', '2023-11-02 09:55:37', '2023-11-02 09:55:37'),
	(546, 525, 'expired', '2023-11-02 09:55:38', 'import by system', '2023-11-02 09:55:38', '2023-11-02 09:55:38'),
	(547, 526, 'expired', '2023-11-02 09:55:39', 'import by system', '2023-11-02 09:55:39', '2023-11-02 09:55:39'),
	(548, 527, 'expired', '2023-11-02 09:55:41', 'import by system', '2023-11-02 09:55:41', '2023-11-02 09:55:41'),
	(549, 528, 'expired', '2023-11-02 09:55:43', 'import by system', '2023-11-02 09:55:43', '2023-11-02 09:55:43'),
	(550, 529, 'expired', '2023-11-02 09:55:44', 'import by system', '2023-11-02 09:55:44', '2023-11-02 09:55:44'),
	(551, 530, 'expired', '2023-11-02 09:55:45', 'import by system', '2023-11-02 09:55:45', '2023-11-02 09:55:45'),
	(552, 531, 'expired', '2023-11-02 09:55:46', 'import by system', '2023-11-02 09:55:46', '2023-11-02 09:55:46'),
	(553, 532, 'expired', '2023-11-02 09:55:47', 'import by system', '2023-11-02 09:55:47', '2023-11-02 09:55:47'),
	(554, 533, 'expired', '2023-11-02 09:55:49', 'import by system', '2023-11-02 09:55:49', '2023-11-02 09:55:49'),
	(555, 534, 'expired', '2023-11-02 09:55:50', 'import by system', '2023-11-02 09:55:50', '2023-11-02 09:55:50'),
	(556, 535, 'expired', '2023-11-02 09:55:51', 'import by system', '2023-11-02 09:55:51', '2023-11-02 09:55:51'),
	(557, 536, 'expired', '2023-11-02 09:55:52', 'import by system', '2023-11-02 09:55:52', '2023-11-02 09:55:52'),
	(558, 537, 'expired', '2023-11-02 09:55:53', 'import by system', '2023-11-02 09:55:53', '2023-11-02 09:55:53'),
	(559, 538, 'expired', '2023-11-02 09:55:55', 'import by system', '2023-11-02 09:55:55', '2023-11-02 09:55:55'),
	(560, 539, 'expired', '2023-11-02 09:55:56', 'import by system', '2023-11-02 09:55:56', '2023-11-02 09:55:56'),
	(561, 540, 'expired', '2023-11-02 09:55:57', 'import by system', '2023-11-02 09:55:57', '2023-11-02 09:55:57'),
	(562, 541, 'expired', '2023-11-02 09:55:58', 'import by system', '2023-11-02 09:55:58', '2023-11-02 09:55:58'),
	(563, 542, 'expired', '2023-11-02 09:55:59', 'import by system', '2023-11-02 09:55:59', '2023-11-02 09:55:59'),
	(564, 543, 'expired', '2023-11-02 09:56:01', 'import by system', '2023-11-02 09:56:01', '2023-11-02 09:56:01'),
	(565, 544, 'expired', '2023-11-02 09:56:02', 'import by system', '2023-11-02 09:56:02', '2023-11-02 09:56:02'),
	(566, 545, 'expired', '2023-11-02 09:56:03', 'import by system', '2023-11-02 09:56:03', '2023-11-02 09:56:03'),
	(567, 546, 'expired', '2023-11-02 09:56:05', 'import by system', '2023-11-02 09:56:05', '2023-11-02 09:56:05'),
	(568, 547, 'expired', '2023-11-02 09:56:07', 'import by system', '2023-11-02 09:56:07', '2023-11-02 09:56:07'),
	(569, 548, 'expired', '2023-11-02 09:56:09', 'import by system', '2023-11-02 09:56:09', '2023-11-02 09:56:09'),
	(570, 549, 'expired', '2023-11-02 09:56:10', 'import by system', '2023-11-02 09:56:10', '2023-11-02 09:56:10'),
	(571, 550, 'expired', '2023-11-02 09:56:11', 'import by system', '2023-11-02 09:56:11', '2023-11-02 09:56:11'),
	(572, 551, 'expired', '2023-11-02 09:56:12', 'import by system', '2023-11-02 09:56:12', '2023-11-02 09:56:12'),
	(573, 552, 'expired', '2023-11-02 09:56:14', 'import by system', '2023-11-02 09:56:14', '2023-11-02 09:56:14'),
	(574, 553, 'expired', '2023-11-02 09:56:15', 'import by system', '2023-11-02 09:56:15', '2023-11-02 09:56:15'),
	(575, 554, 'expired', '2023-11-02 09:56:16', 'import by system', '2023-11-02 09:56:16', '2023-11-02 09:56:16'),
	(576, 555, 'expired', '2023-11-02 09:56:17', 'import by system', '2023-11-02 09:56:17', '2023-11-02 09:56:17'),
	(577, 556, 'expired', '2023-11-02 09:56:19', 'import by system', '2023-11-02 09:56:19', '2023-11-02 09:56:19'),
	(578, 557, 'expired', '2023-11-02 09:56:20', 'import by system', '2023-11-02 09:56:20', '2023-11-02 09:56:20'),
	(579, 558, 'expired', '2023-11-02 09:56:22', 'import by system', '2023-11-02 09:56:22', '2023-11-02 09:56:22'),
	(580, 559, 'expired', '2023-11-02 09:56:23', 'import by system', '2023-11-02 09:56:23', '2023-11-02 09:56:23'),
	(581, 560, 'expired', '2023-11-02 09:56:24', 'import by system', '2023-11-02 09:56:24', '2023-11-02 09:56:24'),
	(582, 561, 'expired', '2023-11-02 09:56:25', 'import by system', '2023-11-02 09:56:25', '2023-11-02 09:56:25'),
	(583, 562, 'expired', '2023-11-02 09:56:26', 'import by system', '2023-11-02 09:56:26', '2023-11-02 09:56:26'),
	(584, 563, 'expired', '2023-11-02 09:56:28', 'import by system', '2023-11-02 09:56:28', '2023-11-02 09:56:28'),
	(585, 564, 'expired', '2023-11-02 09:56:29', 'import by system', '2023-11-02 09:56:29', '2023-11-02 09:56:29'),
	(586, 565, 'expired', '2023-11-02 09:56:31', 'import by system', '2023-11-02 09:56:31', '2023-11-02 09:56:31'),
	(587, 566, 'expired', '2023-11-02 09:56:32', 'import by system', '2023-11-02 09:56:32', '2023-11-02 09:56:32'),
	(588, 567, 'expired', '2023-11-02 09:56:34', 'import by system', '2023-11-02 09:56:34', '2023-11-02 09:56:34'),
	(589, 568, 'expired', '2023-11-02 09:56:36', 'import by system', '2023-11-02 09:56:36', '2023-11-02 09:56:36'),
	(590, 569, 'expired', '2023-11-02 09:56:37', 'import by system', '2023-11-02 09:56:37', '2023-11-02 09:56:37'),
	(591, 570, 'expired', '2023-11-02 09:56:38', 'import by system', '2023-11-02 09:56:38', '2023-11-02 09:56:38'),
	(592, 571, 'expired', '2023-11-02 09:56:40', 'import by system', '2023-11-02 09:56:40', '2023-11-02 09:56:40'),
	(593, 572, 'expired', '2023-11-02 09:56:42', 'import by system', '2023-11-02 09:56:42', '2023-11-02 09:56:42'),
	(594, 573, 'expired', '2023-11-02 09:56:43', 'import by system', '2023-11-02 09:56:43', '2023-11-02 09:56:43'),
	(595, 574, 'expired', '2023-11-02 09:56:44', 'import by system', '2023-11-02 09:56:44', '2023-11-02 09:56:44'),
	(596, 575, 'expired', '2023-11-02 09:56:45', 'import by system', '2023-11-02 09:56:45', '2023-11-02 09:56:45'),
	(597, 576, 'expired', '2023-11-02 09:56:46', 'import by system', '2023-11-02 09:56:46', '2023-11-02 09:56:46'),
	(598, 577, 'expired', '2023-11-02 09:56:48', 'import by system', '2023-11-02 09:56:48', '2023-11-02 09:56:48'),
	(599, 578, 'expired', '2023-11-02 09:56:50', 'import by system', '2023-11-02 09:56:50', '2023-11-02 09:56:50'),
	(600, 579, 'expired', '2023-11-02 09:56:51', 'import by system', '2023-11-02 09:56:51', '2023-11-02 09:56:51'),
	(601, 580, 'expired', '2023-11-02 09:56:53', 'import by system', '2023-11-02 09:56:53', '2023-11-02 09:56:53'),
	(602, 581, 'expired', '2023-11-02 09:56:54', 'import by system', '2023-11-02 09:56:54', '2023-11-02 09:56:54'),
	(603, 582, 'expired', '2023-11-02 10:00:18', 'import by system', '2023-11-02 10:00:18', '2023-11-02 10:00:18'),
	(604, 583, 'expired', '2023-11-02 10:00:19', 'import by system', '2023-11-02 10:00:19', '2023-11-02 10:00:19'),
	(605, 584, 'expired', '2023-11-02 10:00:21', 'import by system', '2023-11-02 10:00:21', '2023-11-02 10:00:21'),
	(606, 585, 'expired', '2023-11-02 10:00:22', 'import by system', '2023-11-02 10:00:22', '2023-11-02 10:00:22'),
	(607, 586, 'expired', '2023-11-02 10:00:23', 'import by system', '2023-11-02 10:00:23', '2023-11-02 10:00:23'),
	(608, 587, 'expired', '2023-11-02 10:00:25', 'import by system', '2023-11-02 10:00:25', '2023-11-02 10:00:25'),
	(609, 588, 'expired', '2023-11-02 10:00:26', 'import by system', '2023-11-02 10:00:26', '2023-11-02 10:00:26'),
	(610, 589, 'expired', '2023-11-02 10:00:29', 'import by system', '2023-11-02 10:00:29', '2023-11-02 10:00:29'),
	(611, 590, 'expired', '2023-11-02 10:00:31', 'import by system', '2023-11-02 10:00:31', '2023-11-02 10:00:31'),
	(612, 591, 'expired', '2023-11-02 10:00:33', 'import by system', '2023-11-02 10:00:33', '2023-11-02 10:00:33'),
	(613, 592, 'expired', '2023-11-02 10:00:34', 'import by system', '2023-11-02 10:00:34', '2023-11-02 10:00:34'),
	(614, 593, 'expired', '2023-11-02 10:00:36', 'import by system', '2023-11-02 10:00:36', '2023-11-02 10:00:36'),
	(615, 594, 'expired', '2023-11-02 10:00:37', 'import by system', '2023-11-02 10:00:37', '2023-11-02 10:00:37'),
	(616, 595, 'expired', '2023-11-02 10:00:38', 'import by system', '2023-11-02 10:00:38', '2023-11-02 10:00:38'),
	(617, 596, 'expired', '2023-11-02 10:00:39', 'import by system', '2023-11-02 10:00:39', '2023-11-02 10:00:39'),
	(618, 597, 'expired', '2023-11-02 10:00:40', 'import by system', '2023-11-02 10:00:40', '2023-11-02 10:00:40'),
	(619, 598, 'expired', '2023-11-02 10:00:42', 'import by system', '2023-11-02 10:00:42', '2023-11-02 10:00:42'),
	(620, 599, 'expired', '2023-11-02 10:00:44', 'import by system', '2023-11-02 10:00:44', '2023-11-02 10:00:44'),
	(621, 600, 'expired', '2023-11-02 10:00:47', 'import by system', '2023-11-02 10:00:47', '2023-11-02 10:00:47'),
	(622, 601, 'expired', '2023-11-02 10:00:50', 'import by system', '2023-11-02 10:00:50', '2023-11-02 10:00:50'),
	(623, 602, 'expired', '2023-11-02 10:05:38', 'import by system', '2023-11-02 10:05:38', '2023-11-02 10:05:38'),
	(624, 603, 'permohonan', '2023-11-03 03:15:54', '', '2023-11-03 03:15:54', '2023-11-03 03:15:54'),
	(625, 603, 'proses dokumen', '2023-11-03 07:59:58', NULL, '2023-11-03 07:59:58', '2023-11-03 07:59:58'),
	(626, 603, 'setujui', '2023-11-03 08:00:35', NULL, '2023-11-03 08:00:35', '2023-11-03 08:00:35'),
	(627, 603, 'expired', '2023-11-03 08:00:53', NULL, '2023-11-03 08:00:53', '2023-11-03 08:00:53'),
	(628, 430, 'proses dokumen', '2023-12-15 00:21:30', NULL, '2023-12-14 17:21:30', '2023-12-14 17:21:30'),
	(629, 430, 'proses dokumen', '2023-12-15 14:07:25', NULL, '2023-12-15 07:07:25', '2023-12-15 07:07:25'),
	(630, 472, 'revisi', '2024-02-29 01:32:10', 'ada perbaikan', '2024-02-28 18:32:10', '2024-02-28 18:32:10'),
	(631, 439, 'expired', '2024-02-29 01:50:02', 'test lagi', '2024-02-28 18:50:02', '2024-02-28 18:50:02'),
	(632, 471, 'expired', '2024-02-29 01:51:09', 'test ada perbaikan', '2024-02-28 18:51:09', '2024-02-28 18:51:09'),
	(633, 437, 'perpanjangan', '2024-03-30 06:56:13', NULL, '2024-03-29 23:56:13', '2024-03-29 23:56:13');

-- Dumping structure for table testing_lpmaarif.users
CREATE TABLE IF NOT EXISTS `users` (
  `id_user` bigint unsigned NOT NULL AUTO_INCREMENT,
  `name` varchar(100) CHARACTER SET utf8mb4 COLLATE utf8mb4_unicode_ci DEFAULT NULL,
  `username` varchar(255) CHARACTER SET utf8mb4 COLLATE utf8mb4_unicode_ci NOT NULL,
  `password` varchar(255) CHARACTER SET utf8mb4 COLLATE utf8mb4_unicode_ci NOT NULL,
  `role` enum('super admin','admin pusat','admin wilayah','admin cabang','operator') CHARACTER SET utf8mb4 COLLATE utf8mb4_unicode_ci NOT NULL,
  `status_active` enum('active','block') CHARACTER SET utf8mb4 COLLATE utf8mb4_unicode_ci NOT NULL,
  `provId` varchar(20) CHARACTER SET utf8mb4 COLLATE utf8mb4_unicode_ci DEFAULT NULL,
  `cabangId` varchar(20) CHARACTER SET utf8mb4 COLLATE utf8mb4_unicode_ci DEFAULT NULL,
  `created_at` timestamp NULL DEFAULT NULL,
  `updated_at` timestamp NULL DEFAULT NULL,
  PRIMARY KEY (`id_user`),
  UNIQUE KEY `users_username_unique` (`username`)
) ENGINE=InnoDB AUTO_INCREMENT=672 DEFAULT CHARSET=utf8mb4 COLLATE=utf8mb4_unicode_ci;

-- Dumping data for table testing_lpmaarif.users: ~176 rows (approximately)
DELETE FROM `users`;
INSERT INTO `users` (`id_user`, `name`, `username`, `password`, `role`, `status_active`, `provId`, `cabangId`, `created_at`, `updated_at`) VALUES
	(1, 'Faisol', 'admin', '$2y$10$8cN88B6w/.HfEDiax66uZuCf65iLcL/6izeMFaczXg1RP17ahDp.K', 'super admin', 'active', NULL, NULL, '2023-10-31 15:14:46', '2023-10-31 15:14:46'),
	(2, 'User 1', 'user', '$2y$10$t7pngvw/2TiRcpXKJ12p0uSr3OCH2Lyew/l5EbcxBL5mxF8UDBFDK', 'super admin', 'active', NULL, NULL, '2023-10-31 15:14:46', '2023-10-31 15:14:46'),
	(491, NULL, '7020001', '$2y$10$17TMkOwLVbkTBR0NB6NukOyIQZuupip1/PzG9lvE8hHwNbrBlt0Ka', 'operator', 'active', NULL, NULL, '2023-11-02 09:41:12', '2023-11-02 09:41:12'),
	(492, NULL, '7020002', '$2y$10$tjVNVtVLEYDb3/Gqwl2KM.BqxqJfxoeGvC5rMYnlKhhQyjlgdyYze', 'operator', 'active', NULL, NULL, '2023-11-02 09:41:14', '2023-11-02 09:41:14'),
	(493, NULL, '7020003', '$2y$10$.a/upSteeQ9PxzJ.UFgDmOAelV6WFloQacL3/9GnPAERyrLM6N0h.', 'operator', 'active', NULL, NULL, '2023-11-02 09:41:15', '2023-11-02 09:41:15'),
	(494, NULL, '7020004', '$2y$10$ir0WZeqLP2H4cL03fVwwm.NeNtbN/RebiSTLADq6KvSBHItLWoWlK', 'operator', 'active', NULL, NULL, '2023-11-02 09:41:16', '2023-11-02 09:41:16'),
	(495, NULL, '7030005', '$2y$10$LDUy7sg2v2f8ksTspp2x7OSA2BZP5SOOZ6PXzPjIoRmGqDVYbY8Xa', 'operator', 'active', NULL, NULL, '2023-11-02 09:41:18', '2023-11-02 09:41:18'),
	(496, NULL, '7030006', '$2y$10$cOr4nZZ938Z6.DHgekX3eOOU6YTJlUCroLP0/f.7JQlN0e4mLnhXy', 'operator', 'active', NULL, NULL, '2023-11-02 09:41:19', '2023-11-02 09:41:19'),
	(497, NULL, '7030007', '$2y$10$GjPuYNAGVZ0lilfklR1xjOXApDHvCJTJNsl7b7MeIVuYTqW4GSFWW', 'operator', 'active', NULL, NULL, '2023-11-02 09:41:20', '2023-11-02 09:41:20'),
	(498, NULL, '7030008', '$2y$10$gutVBQlXxcFYOn/Md1Odwu1lCQfzDVgOSQBQQm9qUUK0WPLk1lVja', 'operator', 'active', NULL, NULL, '2023-11-02 09:41:22', '2023-11-02 09:41:22'),
	(499, NULL, '7030009', '$2y$10$DyctHlM4DkM5szVcRLYRFepeTRqoDDhpEW2FNVXjmiOZDiMHnGOmO', 'operator', 'active', NULL, NULL, '2023-11-02 09:41:23', '2023-11-02 09:41:23'),
	(500, NULL, '7030010', '$2y$10$8H3tqld73Kh32597r51ZjutTO1ZcCPOrU8O0IbyNFenKZ5.Qpnbk.', 'operator', 'active', NULL, NULL, '2023-11-02 09:41:24', '2023-11-02 09:41:24'),
	(501, NULL, '7030011', '$2y$10$ud7CQrD79nwoGMCAfpw8teZJliJsd12pBK3H6qr9j60M34EKgxU46', 'operator', 'active', NULL, NULL, '2023-11-02 09:41:25', '2023-11-02 09:41:25'),
	(502, NULL, '7030012', '$2y$10$bkhMCnKSIhuPp3/LSDX3AeYjuJd4osDn/LsRhyjZF4FuX7Q2wfViC', 'operator', 'active', NULL, NULL, '2023-11-02 09:41:27', '2023-11-02 09:41:27'),
	(503, NULL, '7030013', '$2y$10$Gh9krHEy5e05maMF4CKSZOFKQXO5o/3DFF8CN/iVdhv7Qp6UbStqy', 'operator', 'active', NULL, NULL, '2023-11-02 09:41:28', '2023-11-02 09:41:28'),
	(504, NULL, '7030014', '$2y$10$THXjwA7inERRCKQv8JFt1.MbzknDcbK1IjAyuKqhLeKzdCKyz8fse', 'operator', 'active', NULL, NULL, '2023-11-02 09:41:29', '2023-11-02 09:41:29'),
	(505, NULL, '7030015', '$2y$10$UcL.QCKOVQew03nlh7fuqepTzBdcS8okDY6MQOyS7JM52AgPIGoI.', 'operator', 'active', NULL, NULL, '2023-11-02 09:41:30', '2023-11-02 09:41:30'),
	(506, NULL, '7030016', '$2y$10$eXvi4hfx4dx9oUbjhOR5g.TdL1IG.NCbVg.UmklUjT7/4KFZXraJi', 'operator', 'active', NULL, NULL, '2023-11-02 09:41:31', '2023-11-02 09:41:31'),
	(507, NULL, '7030017', '$2y$10$6k7eI8UEm2ZyEknoqoIYBuZ3UJllRghe3JPA9Fabs2uz30I2jDr2G', 'operator', 'active', NULL, NULL, '2023-11-02 09:41:33', '2023-11-02 09:41:33'),
	(508, NULL, '7030018', '$2y$10$SEpj3ULF9TcMjoN3wCuOjOIrN/uZdkO3wrcan8t6e6B6qe2EcIWl.', 'operator', 'active', NULL, NULL, '2023-11-02 09:41:34', '2023-11-02 09:41:34'),
	(509, NULL, '7030019', '$2y$10$9GYFFwW6.vmoh2EJ.o0tH.PCkhHhUYxGI.v.yL37k8wWj9AiedkKu', 'operator', 'active', NULL, NULL, '2023-11-02 09:41:35', '2023-11-02 09:41:35'),
	(510, NULL, '7030020', '$2y$10$hQ50xmj8JbDBGah/TjBCUejE/YEt2gLzWJ6gh1VzT6ebFiEp43spS', 'operator', 'active', NULL, NULL, '2023-11-02 09:41:36', '2023-11-02 09:41:36'),
	(511, NULL, '7030021', '$2y$10$GwAF8V.tnMCIKcwKXs0hy.KehjDXqYTeRtOC.kxCDnJdY9mLHC/0q', 'operator', 'active', NULL, NULL, '2023-11-02 09:41:37', '2023-11-02 09:41:37'),
	(512, NULL, '7030022', '$2y$10$LY7mhAoxz1x7ZQ5EFoDbK.W1s281lyGOiIfzsp/Q8c6HkdFfkS7X.', 'operator', 'active', NULL, NULL, '2023-11-02 09:41:38', '2023-11-02 09:41:38'),
	(513, NULL, '7030023', '$2y$10$UJ.hhlkx3dRRvVHXbuUydeIMOmBmTZ0KHRIbexKoGRCwitk27ACIK', 'operator', 'active', NULL, NULL, '2023-11-02 09:41:39', '2023-11-02 09:41:39'),
	(514, NULL, '7030024', '$2y$10$86KBlYeB0SBsS7oC82Owk./U2c9/Jf8ZkbJJTEeD3KIK/qlA/nVQ2', 'operator', 'active', NULL, NULL, '2023-11-02 09:41:41', '2023-11-02 09:41:41'),
	(515, NULL, '7030025', '$2y$10$f/sHQjV3f44LhpxwLxrt3eURCmtnZKx0Artx8SYYYx99Qf9edHDEq', 'operator', 'active', NULL, NULL, '2023-11-02 09:41:42', '2023-11-02 09:41:42'),
	(516, NULL, '7030026', '$2y$10$fWCA5VS4cdMGFC/X6BOE1u.V0MEFd8OGwTf9SIL4VFxEO7s0/Tfj.', 'operator', 'active', NULL, NULL, '2023-11-02 09:41:43', '2023-11-02 09:41:43'),
	(517, NULL, '7030027', '$2y$10$0kiBp6Bt0j9vlp30JHD5H.J/Mc9RFiYo2t1xqDi2.noe.wWJB.h6G', 'operator', 'active', NULL, NULL, '2023-11-02 09:41:44', '2023-11-02 09:41:44'),
	(518, NULL, '7030028', '$2y$10$scRscl.IODUr8RY2YsxCjuJAhtlJSKm61Vf5WbT.5iejV.9P7G5y6', 'operator', 'active', NULL, NULL, '2023-11-02 09:41:45', '2023-11-02 09:41:45'),
	(519, NULL, '7030029', '$2y$10$JhvsifUGSa2zitfOnDwdpOGSLfuu5v4vzi7SciTCAHGquup3bEvjy', 'operator', 'active', NULL, NULL, '2023-11-02 09:41:46', '2023-11-02 09:41:46'),
	(520, NULL, '7030030', '$2y$10$C7p1yn7h9esFCqrrDzX....KCWa1wjYsqNMilulfTkDqwQcWfNooa', 'operator', 'active', NULL, NULL, '2023-11-02 09:41:48', '2023-11-02 09:41:48'),
	(521, NULL, '7030031', '$2y$10$ppYFvJBliphlw7XXF/FVpOiLw6KJr8DztAos7tT3mEavyG5TqHfeq', 'operator', 'active', NULL, NULL, '2023-11-02 09:41:49', '2023-11-02 09:41:49'),
	(522, NULL, '7030032', '$2y$10$bDSVB0Rcih9/cATEf/ATMOqU1BtD4MUhbPhAxSk2.4LzBL69ct4x.', 'operator', 'active', NULL, NULL, '2023-11-02 09:41:50', '2023-11-02 09:41:50'),
	(523, NULL, '7030033', '$2y$10$jmBrjgThAsiS8Hi3y5mvUuYOHbs5jqybwWarVSAQpPvky4yx8Lbd2', 'operator', 'active', NULL, NULL, '2023-11-02 09:41:51', '2023-11-02 09:41:51'),
	(524, NULL, '7030034', '$2y$10$0BHlz8UqbpkBdWDci7OHKualBNE/y7DRdSQaWl2lQgWvOa4NwcV/u', 'operator', 'active', NULL, NULL, '2023-11-02 09:41:52', '2023-11-02 09:41:52'),
	(525, NULL, '7030035', '$2y$10$nmblwQFg6d7oEOnD.hgAcuztrHhtTpJTIiW1uP5ifaaNQqt0XrO2u', 'operator', 'active', NULL, NULL, '2023-11-02 09:41:53', '2023-11-02 09:41:53'),
	(526, NULL, '7030036', '$2y$10$cfipDXFXq74SXbruYuFlFOBNkt7mWZKHo.cxH/sJgRTKUu.jaUxv2', 'operator', 'active', NULL, NULL, '2023-11-02 09:41:54', '2023-11-02 09:41:54'),
	(527, NULL, '7030037', '$2y$10$XvLPnktPQLzvZeNmZakCI.x2q6gvUfPgBxzwy4vIjnlS3Bbb7Xx0y', 'operator', 'active', NULL, NULL, '2023-11-02 09:41:56', '2023-11-02 09:41:56'),
	(528, NULL, '7030038', '$2y$10$Qg8AeUpuqt/uTP/wFbX44.659fDSakOcmpnArsHFjRu0IJjEcL5hW', 'operator', 'active', NULL, NULL, '2023-11-02 09:41:57', '2023-11-02 09:41:57'),
	(529, NULL, '7040039', '$2y$10$nUA19IWKpIzMgi3usYAc9uJ/mimZLLYbpH/x.YnD7wGSTYcl67W4u', 'operator', 'active', NULL, NULL, '2023-11-02 09:41:58', '2023-11-02 09:41:58'),
	(530, NULL, '7040040', '$2y$10$e3SRQlgsrnqIWVZfqRQvjuSavviCc23TJsjYJnnpvIiXdSpVMV4rW', 'operator', 'active', NULL, NULL, '2023-11-02 09:41:59', '2023-11-02 09:41:59'),
	(531, NULL, '7040041', '$2y$10$r5nNPII88.QJPGjXkb.JEeBCxD9iZAVY6fi1Ftb8k7zS9p78/cWA2', 'operator', 'active', NULL, NULL, '2023-11-02 09:42:00', '2023-11-02 09:42:00'),
	(532, NULL, '7040042', '$2y$10$cfZFAVphIuLecx4Zb.IwRunyo2BzuIKbD5E.A9HTRZCwy5z3Uy.Ji', 'operator', 'active', NULL, NULL, '2023-11-02 09:42:01', '2023-11-02 09:42:01'),
	(533, NULL, '7040043', '$2y$10$lSTFiKdzd0/4p9AurEeE2.SeHNwpTNkDMXC1X4DUpd4Jx5qqJWt/C', 'operator', 'active', NULL, NULL, '2023-11-02 09:42:02', '2023-11-02 09:42:02'),
	(534, NULL, '7040044', '$2y$10$HiDMH3/uHwHURVO00HjXX.Sw.5xhuUPY11Elk43wn6XnieIEAqyG.', 'operator', 'active', NULL, NULL, '2023-11-02 09:42:03', '2023-11-02 09:42:03'),
	(535, NULL, '7010045', '$2y$10$1IHDZ5IQcGYHlI2Ak492ROYPkPCuJawYwEp3u1yf0o6ZscHdyr3vu', 'operator', 'active', NULL, NULL, '2023-11-02 09:42:04', '2023-11-02 09:42:04'),
	(536, NULL, '7010046', '$2y$10$cBnDlHAmzG6AKr9mWPEhCOkp/OVwpRwQQguHrs82eg16cMuchzJ5O', 'operator', 'active', NULL, NULL, '2023-11-02 09:42:06', '2023-11-02 09:42:06'),
	(537, NULL, '7010047', '$2y$10$HnItJ1.m7TrgNEpjq84s8.bU00LEmVFXLcdhnNjIHdWWhB8veq0JW', 'operator', 'active', NULL, NULL, '2023-11-02 09:42:07', '2023-11-02 09:42:07'),
	(538, NULL, '7010048', '$2y$10$Y1REKICwYLwWWKrkLcV.I.ZrhuMIjZYhJqzKetLGww2HXHlNMiWKy', 'operator', 'active', NULL, NULL, '2023-11-02 09:42:08', '2023-11-02 09:42:08'),
	(539, NULL, '7010049', '$2y$10$dR4tAxwyOyGN8qWkSFFIxeH3xllTahDK1g1ddWek0HnXmd6lknU9e', 'operator', 'active', NULL, NULL, '2023-11-02 09:42:09', '2023-11-02 09:42:09'),
	(540, NULL, '7010050', '$2y$10$wZYD9dGcTDg0qimzOYBdsOuBqVIq6l1RyMUWysPwr5KHdPp/rFeNK', 'operator', 'active', NULL, NULL, '2023-11-02 09:42:11', '2023-11-02 09:42:11'),
	(541, NULL, '7050051', '$2y$10$ramjyz/SlmbjGXfQcTk.4.ab7YsmHKA1FR5up8u6EbiOSCfAwlyd.', 'operator', 'active', NULL, NULL, '2023-11-02 09:42:12', '2023-11-02 09:42:12'),
	(542, NULL, '7020052', '$2y$10$PgJY2V81wn7T71D/Ibv3se1deSIwsXoDDgsz7eWyhAOgbV0NGHqaW', 'operator', 'active', NULL, NULL, '2023-11-02 09:42:13', '2023-11-02 09:42:13'),
	(543, NULL, '7020053', '$2y$10$H6Bp.THviBrmEGkYDEYwzezNyewMSFbeV3XHgSEVyYtteiJwCXimW', 'operator', 'active', NULL, NULL, '2023-11-02 09:42:14', '2023-11-02 09:42:14'),
	(544, NULL, '7030054', '$2y$10$a2uzl6veho2Mtqvc6ohq4uCYyiHzRVTU7pB3EZdlpI5uqbFXupvAi', 'operator', 'active', NULL, NULL, '2023-11-02 09:42:15', '2023-11-02 09:42:15'),
	(545, NULL, '7030055', '$2y$10$GtdK9juX7WvIyJynueL3G.rCZMfky4qMI7cHNq0QSuuBCCVe.nG42', 'operator', 'active', NULL, NULL, '2023-11-02 09:42:17', '2023-11-02 09:42:17'),
	(546, NULL, '7040056', '$2y$10$Up/ipeYlFQCGtTshXr6FPuFGxubUsszgyy1WcWnD6ezNpFN524UrK', 'operator', 'active', NULL, NULL, '2023-11-02 09:42:18', '2023-11-02 09:42:18'),
	(547, NULL, '7040057', '$2y$10$FjCXAcLc/8zOtIHXr0v7EuHPHji6BriYus5eX/Qea0QZmkIyBEinS', 'operator', 'active', NULL, NULL, '2023-11-02 09:42:19', '2023-11-02 09:42:19'),
	(548, NULL, '7040058', '$2y$10$BdvFfDJAjlC1WbKBagn9vumrNnVnkKtRhy9w.zGHBvkW9S0nLMw6m', 'operator', 'active', NULL, NULL, '2023-11-02 09:42:20', '2023-11-02 09:42:20'),
	(549, NULL, '7010059', '$2y$10$/AQZ0JFeuqIoTn3G7DO8M.t30fSIYu10lmpQdUOIq0eIxNXLI3WuO', 'operator', 'active', NULL, NULL, '2023-11-02 09:42:21', '2023-11-02 09:42:21'),
	(550, NULL, '7040060', '$2y$10$6LTlZ7gdv6KFisWB3c6VDOD8TEzEEy.4UAWZMF13sPqWbaaNN5.t6', 'operator', 'active', NULL, NULL, '2023-11-02 09:42:22', '2023-11-02 09:42:22'),
	(551, NULL, '7030061', '$2y$10$u3FheU7Dqpnx6UfUrGqhaOxFEx3HtJ4JuNq5p/1YlP13XoWI5sCA2', 'operator', 'active', NULL, NULL, '2023-11-02 09:42:23', '2023-11-02 09:42:23'),
	(552, NULL, '7030062', '$2y$10$xiy.MAlzhAH82oDIfBbioeY3v8AmIYE4a1N3HQ6Qt7Vrhs1bbJany', 'operator', 'active', NULL, NULL, '2023-11-02 09:42:24', '2023-11-02 09:42:24'),
	(553, NULL, '7030063', '$2y$10$YY5qXnNvL7fbb69qdQG4pexlHzMXhY.Vx0GmaggC1R30T6H6zhdTW', 'operator', 'active', NULL, NULL, '2023-11-02 09:42:25', '2023-11-02 09:42:25'),
	(554, NULL, '7030064', '$2y$10$bdtv2ib69UtbhIq6B0bV2.zEIC..WIiOxkSBvIn0onyhnUz5A4Jge', 'operator', 'active', NULL, NULL, '2023-11-02 09:42:26', '2023-11-02 09:42:26'),
	(555, NULL, '7010065', '$2y$10$kljma4OkQ1.FqDOBfRisq.5H1t4Ft.omCWXVEoIT67Fh3jBEQQnfa', 'operator', 'active', NULL, NULL, '2023-11-02 09:42:27', '2023-11-02 09:42:27'),
	(556, NULL, '7010066', '$2y$10$FKK85RlhCRal931rrX.b5OC8rm.ihqVb11PihYgpuqg8CyHWIi3Ee', 'operator', 'active', NULL, NULL, '2023-11-02 09:42:28', '2023-11-02 09:42:28'),
	(557, NULL, '7010067', '$2y$10$AKNbHoFQJlX0RTJlAJIkH.nDbhQ9a..Oi87Uvg0V/tuswJvwDYvOW', 'operator', 'active', NULL, NULL, '2023-11-02 09:42:30', '2023-11-02 09:42:30'),
	(558, NULL, '7010068', '$2y$10$ef.AZm/edb93EBHhR7rGUeYMRCNlIfmKAlS2qGRLT6pd4kAuu.KXO', 'operator', 'active', NULL, NULL, '2023-11-02 09:42:31', '2023-11-02 09:42:31'),
	(559, NULL, '7010069', '$2y$10$gnBnlkpmMPhx40t8eqGAFOlbJpl9bfPbehaO6mNE0TTA9RTMl4Lh6', 'operator', 'active', NULL, NULL, '2023-11-02 09:42:32', '2023-11-02 09:42:32'),
	(560, NULL, '7010070', '$2y$10$DHR3s3QVvGiwiH6c6EbvuOJx.5AA8xqxh1iPZCV7ojHHzbZENpKxu', 'operator', 'active', NULL, NULL, '2023-11-02 09:42:33', '2023-11-02 09:42:33'),
	(561, NULL, '7010071', '$2y$10$xQ/KHB8f1OSjC2pWj1fV7ObdUE09dGuGKDG81NoIBKxN2P5Z3PASm', 'operator', 'active', NULL, NULL, '2023-11-02 09:42:34', '2023-11-02 09:42:34'),
	(562, NULL, '7010072', '$2y$10$t3kbt5z3QECgOAXfumuJ0O.febNzi8lcPRFYU8LnEjsA/FCdTIWqi', 'operator', 'active', NULL, NULL, '2023-11-02 09:42:36', '2023-11-02 09:42:36'),
	(563, NULL, '7010073', '$2y$10$ngZn8A1QWfilfrbAKtH9EeV52Vkp0brtHqtIx53IA3CAWUP9HnV2e', 'operator', 'active', NULL, NULL, '2023-11-02 09:42:37', '2023-11-02 09:42:37'),
	(564, NULL, '7010074', '$2y$10$hqNFdm1XKP7weEfFCW7beuDbHBriaDgt988reoJNdL1AzVKdS5G6e', 'operator', 'active', NULL, NULL, '2023-11-02 09:42:38', '2023-11-02 09:42:38'),
	(565, NULL, '7010075', '$2y$10$zimzAsPfYwgXmCk2BPGIh.bkBEy0aUeWGATwajzDDsbe05p0SVAP.', 'operator', 'active', NULL, NULL, '2023-11-02 09:42:39', '2023-11-02 09:42:39'),
	(566, NULL, '7010076', '$2y$10$EyEz2R2XN3FbjHD9NfqOk..Pe3xrOi7djCujSclALNGvc3gYHvsH6', 'operator', 'active', NULL, NULL, '2023-11-02 09:42:40', '2023-11-02 09:42:40'),
	(567, NULL, '7010077', '$2y$10$enMqDLqG1i2Qab4EpLyDy.JHo2BK4umPcPVGa9cJXKOxNR/SwNUeq', 'operator', 'active', NULL, NULL, '2023-11-02 09:42:41', '2023-11-02 09:42:41'),
	(568, NULL, '7010078', '$2y$10$eOf7ZDR/j6gLDvG/K8ylB.uFHe0q2UCaXVaMr9XVpZxNTDuje2JPm', 'operator', 'active', NULL, NULL, '2023-11-02 09:42:42', '2023-11-02 09:42:42'),
	(569, NULL, '7010079', '$2y$10$sZeDIucujedkimEs.fh9duaXTmWJ78Bl3Gxt0IvLgb3pfoh4PGAE2', 'operator', 'active', NULL, NULL, '2023-11-02 09:42:43', '2023-11-02 09:42:43'),
	(570, NULL, '7010080', '$2y$10$18qtAKGY.9qiu0xZ6/jkv.IY5X6PfN.vOohGbFeXcni1EYDSaDVoi', 'operator', 'active', NULL, NULL, '2023-11-02 09:42:45', '2023-11-02 09:42:45'),
	(571, NULL, '7010081', '$2y$10$TxMyjIMidJ5LgNY/N2ZATO7iKE4IUb9iptgfZhVwKBnJeHc1hxtyK', 'operator', 'active', NULL, NULL, '2023-11-02 09:42:46', '2023-11-02 09:42:46'),
	(572, NULL, '7010082', '$2y$10$3Yo2zm.12M4UyY12hZbBVeaAVOjgI7jgJfZ3DoMKZxerS5UxJdSee', 'operator', 'active', NULL, NULL, '2023-11-02 09:42:48', '2023-11-02 09:42:48'),
	(573, NULL, '7020083', '$2y$10$jpSpE9yGOzv2DadyHmFObeJ184HuBVLVNdmCsTlaYx/.gvsjn2Fz.', 'operator', 'active', NULL, NULL, '2023-11-02 09:42:49', '2023-11-02 09:42:49'),
	(574, NULL, '7020084', '$2y$10$xZIBlgawCKSUWc/bjqsdP.kD9TVCxvtqtaymZafDVV/yluYhDse82', 'operator', 'active', NULL, NULL, '2023-11-02 09:42:50', '2023-11-02 09:42:50'),
	(575, NULL, '7010085', '$2y$10$v1aXY14j30GpiqnHw5Eo9OZEdQWFuZSUuVdRs5zsRxXLrVDH7wJhe', 'operator', 'active', NULL, NULL, '2023-11-02 09:55:22', '2023-11-02 09:55:22'),
	(576, NULL, '7010086', '$2y$10$8gMfDlUkB3SZnEEVQkD8duHnzotaRDSkpPo32aeQTuB0sRz5sHv4W', 'operator', 'active', NULL, NULL, '2023-11-02 09:55:23', '2023-11-02 09:55:23'),
	(577, NULL, '7010087', '$2y$10$avO/TgYJ9/wU.SN2iY7oDO0xIo472C8BBjGaDMABNRhDrOFJ3t9rO', 'operator', 'active', NULL, NULL, '2023-11-02 09:55:24', '2023-11-02 09:55:24'),
	(578, NULL, '7020088', '$2y$10$rH7XX5IrlrgdPMjNuF/mieUGw0xR/7pSKgBBMcFCukBN/C71CMWfm', 'operator', 'active', NULL, NULL, '2023-11-02 09:55:27', '2023-11-02 09:55:27'),
	(579, NULL, '7020089', '$2y$10$gDH49QGn2qS8z4KqqPz8MeBsCoxMMSSi2hlh6HWt9XVmKDSkplrYu', 'operator', 'active', NULL, NULL, '2023-11-02 09:55:28', '2023-11-02 09:55:28'),
	(580, NULL, '7020090', '$2y$10$aprAQJ5fQpw00ZYL3pwkbOGhP4Dd.MbGDFnxusbDA2N5V8gOukvju', 'operator', 'active', NULL, NULL, '2023-11-02 09:55:29', '2023-11-02 09:55:29'),
	(581, NULL, '7020091', '$2y$10$vZoNkudKelPYWni7CZdL.unPlvD3sc6evDW6oK9uQ6XAgxuZgqkz2', 'operator', 'active', NULL, NULL, '2023-11-02 09:55:30', '2023-11-02 09:55:30'),
	(582, NULL, '7020092', '$2y$10$WYFLqvtn1kDscDpppK0GzOZjDPfYdhnno/dNtdia.DxjO4cSBDxu2', 'operator', 'active', NULL, NULL, '2023-11-02 09:55:32', '2023-11-02 09:55:32'),
	(583, NULL, '7020093', '$2y$10$LZ.EVnknd0kLOFPO6Zg4duvPSLFckgibIsy6wug/PSWca74E8YrYy', 'operator', 'active', NULL, NULL, '2023-11-02 09:55:33', '2023-11-02 09:55:33'),
	(584, NULL, '7020094', '$2y$10$I3LBMQpRNTmJ8u663Vyei.vk5/eCFqB47xbumaPpKrzrv6U1GuNIm', 'operator', 'active', NULL, NULL, '2023-11-02 09:55:36', '2023-11-02 09:55:36'),
	(585, NULL, '7020095', '$2y$10$zKTIbWcyKAta.aXyQoW5F.neK1ce3fgSXM5z0Kh/U/hhk6CW2AISa', 'operator', 'active', NULL, NULL, '2023-11-02 09:55:37', '2023-11-02 09:55:37'),
	(586, NULL, '7020096', '$2y$10$e.1M9urYe2iyykprm6CdkOIHz2yzukLpI75plDyvGN/kqi/wqSYjC', 'operator', 'active', NULL, NULL, '2023-11-02 09:55:38', '2023-11-02 09:55:38'),
	(587, NULL, '7020097', '$2y$10$xDBflb1EZib/d2BgA3e/g.oPblAryZAxQsnFNg/nEDJR08RmPGVke', 'operator', 'active', NULL, NULL, '2023-11-02 09:55:39', '2023-11-02 09:55:39'),
	(588, NULL, '7020098', '$2y$10$y0J0oG3fVoP//t6VC7HP7.wUYTgZ0EsgczF0SuKa/C94lbFY83Mp6', 'operator', 'active', NULL, NULL, '2023-11-02 09:55:41', '2023-11-02 09:55:41'),
	(589, NULL, '7020099', '$2y$10$ObRF4LuxEUy93TW/8hWdf.JH4QzYo.k407gNo8k.R7PIQuPHOfvLu', 'operator', 'active', NULL, NULL, '2023-11-02 09:55:43', '2023-11-02 09:55:43'),
	(590, NULL, '7020100', '$2y$10$LA1rsF3h4v/Qnbyr8vpH7.uts4867BhYiy/FchZW.RaE0/2Fhn5N2', 'operator', 'active', NULL, NULL, '2023-11-02 09:55:44', '2023-11-02 09:55:44'),
	(591, NULL, '7020101', '$2y$10$.rducDhFGS2gzCi688Ex4.g6qRpU4mh0AGPXEH04choybTB0gbpUW', 'operator', 'active', NULL, NULL, '2023-11-02 09:55:45', '2023-11-02 09:55:45'),
	(592, NULL, '7020102', '$2y$10$VMwqFzfVYfikp6HuLIY6iOB1Xjhti9pw8lZ3c9GvhixGN4YfnVjga', 'operator', 'active', NULL, NULL, '2023-11-02 09:55:46', '2023-11-02 09:55:46'),
	(593, NULL, '7020103', '$2y$10$cZBQAktunyXXWU4hGW3lQOskABg7Ab3k1tdXqG7OcgrqUA1HEumg.', 'operator', 'active', NULL, NULL, '2023-11-02 09:55:47', '2023-11-02 09:55:47'),
	(594, NULL, '7020104', '$2y$10$GSJ15V0hu2nTB8E0kiB2wO/OP.NWD4jKjL9rY8ADOn0r/8lJRTliG', 'operator', 'active', NULL, NULL, '2023-11-02 09:55:49', '2023-11-02 09:55:49'),
	(595, NULL, '7030105', '$2y$10$QvWIaLVegCMCTW.zyWfndOVOnyboUGPnj0IuVqiu9YBVoZsbP9fsK', 'operator', 'active', NULL, NULL, '2023-11-02 09:55:50', '2023-11-02 09:55:50'),
	(596, NULL, '7030106', '$2y$10$X7jW0saGalozhN5P3W3saOCdlqvT0gAsQ/jx3.VAkiXRKLo6XTcPq', 'operator', 'active', NULL, NULL, '2023-11-02 09:55:51', '2023-11-02 09:55:51'),
	(597, NULL, '7030107', '$2y$10$2FE2Q78.iKWLPZi8V9Bx5utOGjAFGyRnG/t29yPZeDbYMIGx0wlei', 'operator', 'active', NULL, NULL, '2023-11-02 09:55:52', '2023-11-02 09:55:52'),
	(598, NULL, '7030108', '$2y$10$.Az6C/HVG/MnK51CPe2twegx4.nCEJVd/.hBuW8d66FG8z5fF/n2.', 'operator', 'active', NULL, NULL, '2023-11-02 09:55:53', '2023-11-02 09:55:53'),
	(599, NULL, '7030109', '$2y$10$SqQF0mo4s4.RUp1YRPyDv.kPDqrGvCDl1ctGK9dG95vpgd1SC9/cq', 'operator', 'active', NULL, NULL, '2023-11-02 09:55:55', '2023-11-02 09:55:55'),
	(600, NULL, '7030110', '$2y$10$Ap/0k0HjqQx1vvq0cBt82egj.M8BYBWenq/KhziA5xVaKZKB1earm', 'operator', 'active', NULL, NULL, '2023-11-02 09:55:56', '2023-11-02 09:55:56'),
	(601, NULL, '7030111', '$2y$10$C8K3.8I4EpWSYUPJV06fxOmDoUeMkKsiuIZs7JPvsdtQwgipElw4G', 'operator', 'active', NULL, NULL, '2023-11-02 09:55:57', '2023-11-02 09:55:57'),
	(602, NULL, '7030112', '$2y$10$ExsPsD3smh75OxZJawEGVeMRYjvh2EjQqYC58O4HbMjoZyJw2BE3e', 'operator', 'active', NULL, NULL, '2023-11-02 09:55:58', '2023-11-02 09:55:58'),
	(603, NULL, '7030113', '$2y$10$AOortNDrD20Ksr1s6MoI0uBJAaJdi0NMkRbQKJRC1XDA.Qm9PMiPC', 'operator', 'active', NULL, NULL, '2023-11-02 09:55:59', '2023-11-02 09:55:59'),
	(604, NULL, '7030114', '$2y$10$/d84T5/kBoO7mtJ34vdAquYqU7qJP1NdkfxKQqOgnRDSzJ7ah7pwm', 'operator', 'active', NULL, NULL, '2023-11-02 09:56:01', '2023-11-02 09:56:01'),
	(605, NULL, '7030115', '$2y$10$NIa4ID8mn4L3PIT1eejC9OCNwgRZMerL0UJS/8mNTAZzzHk6awt7W', 'operator', 'active', NULL, NULL, '2023-11-02 09:56:02', '2023-11-02 09:56:02'),
	(606, NULL, '7030116', '$2y$10$bqW3YFGywH22SDCY.BKyuuF9JvcpGdwssBizkdfC3WEJxJvZWXN3e', 'operator', 'active', NULL, NULL, '2023-11-02 09:56:03', '2023-11-02 09:56:03'),
	(607, NULL, '7030117', '$2y$10$UxoQq6nDbTkA/WQkNWsZteMIHo5Twf3YNgweZMDwRsX3JarORQvzm', 'operator', 'active', NULL, NULL, '2023-11-02 09:56:05', '2023-11-02 09:56:05'),
	(608, NULL, '7030118', '$2y$10$mSJIBGOrliWKQTODWt1RYO7/lQCJVlZFPsU/MP2OG6NG6bUiM3rgC', 'operator', 'active', NULL, NULL, '2023-11-02 09:56:07', '2023-11-02 09:56:07'),
	(609, NULL, '7030119', '$2y$10$qYpvu8IZNDxfoulPlv2MEeKeOowmfL/306l0gjG/322Jo9NV/.AjC', 'operator', 'active', NULL, NULL, '2023-11-02 09:56:09', '2023-11-02 09:56:09'),
	(610, NULL, '7030120', '$2y$10$hpsccX4xe.jrH8Rl8qecV.ZY6yOAYwCkw9xYuRIwC7knud/NwULKG', 'operator', 'active', NULL, NULL, '2023-11-02 09:56:10', '2023-11-02 09:56:10'),
	(611, NULL, '7030121', '$2y$10$CQrrz4dclHIbofX0Cy16Te2hpgKmzBULNu3A3eNLJr0PvBEkEHHyy', 'operator', 'active', NULL, NULL, '2023-11-02 09:56:11', '2023-11-02 09:56:11'),
	(612, NULL, '7030122', '$2y$10$sW3k1rZVYutqrUoJFhO9Zu.KQZYEICwAYg/uPTrHUsO7JWCP47fiW', 'operator', 'active', NULL, NULL, '2023-11-02 09:56:12', '2023-11-02 09:56:12'),
	(613, NULL, '7030123', '$2y$10$VCx3prnHpnb9Vf0fIcxXGeLhqYovdDsLzTzvBfAh8hq/Te79gDOH2', 'operator', 'active', NULL, NULL, '2023-11-02 09:56:14', '2023-11-02 09:56:14'),
	(614, NULL, '7030124', '$2y$10$1UjYCLqPmybhCJgMynHrxufIswcWf1/1four6XLDbxdi0.8L00cGK', 'operator', 'active', NULL, NULL, '2023-11-02 09:56:15', '2023-11-02 09:56:15'),
	(615, NULL, '7030125', '$2y$10$RSpyOkoptv9WFgxX6r5QuOANk9SETfJL4aCoUCHRxFvSGxzqz6ETm', 'operator', 'active', NULL, NULL, '2023-11-02 09:56:16', '2023-11-02 09:56:16'),
	(616, NULL, '7030126', '$2y$10$8qZ4uRw9LXKk93lcJt6VI.5qAXQCzckse/qgk8j3/PI.erV9agFRG', 'operator', 'active', NULL, NULL, '2023-11-02 09:56:17', '2023-11-02 09:56:17'),
	(617, NULL, '7030127', '$2y$10$6wbJ21Y6s4EVKSin64jXoeESTtwbhxi6K77yrF26QyfFKHqQy4csG', 'operator', 'active', NULL, NULL, '2023-11-02 09:56:19', '2023-11-02 09:56:19'),
	(618, NULL, '7030128', '$2y$10$8sLf8Ex0bOr6TDUE/MUm5ez0UKNoyMxRN5mBPFCivFjbOqHZ84K2y', 'operator', 'active', NULL, NULL, '2023-11-02 09:56:20', '2023-11-02 09:56:20'),
	(619, NULL, '7030129', '$2y$10$gn876NdbxTOchFpplTCaF.Jl6MwEZf8V7SDgrcOkNcCkAc0781l6i', 'operator', 'active', NULL, NULL, '2023-11-02 09:56:22', '2023-11-02 09:56:22'),
	(620, NULL, '7030130', '$2y$10$Chb6Sj7xpxFX/NLJ0Zkp.uJTBQTy0c9mGupW6oidR8puewG6I0pIa', 'operator', 'active', NULL, NULL, '2023-11-02 09:56:23', '2023-11-02 09:56:23'),
	(621, NULL, '7030131', '$2y$10$IlkFlYdBAyk4JIeskADsheYniM9Uiq0QXLPrJnUI8Iog0zhuMncNa', 'operator', 'active', NULL, NULL, '2023-11-02 09:56:24', '2023-11-02 09:56:24'),
	(622, NULL, '7030132', '$2y$10$0HQDkU2MxCAniJb2acKFjOzo8vOCtWP7zU0/IGGGKjlLR3Pph/MAy', 'operator', 'active', NULL, NULL, '2023-11-02 09:56:25', '2023-11-02 09:56:25'),
	(623, NULL, '7030133', '$2y$10$OmNfVe5PQeSOf.0Hp3Tgau2a8FUYlCMt9fTK74DJ195U.S7/Uzdzy', 'operator', 'active', NULL, NULL, '2023-11-02 09:56:26', '2023-11-02 09:56:26'),
	(624, NULL, '7030134', '$2y$10$0FRY/6r2TzgLiC6K/atXxuIKiIr.O4/qAtEsg7AK8ukePQcIBgi8q', 'operator', 'active', NULL, NULL, '2023-11-02 09:56:28', '2023-11-02 09:56:28'),
	(625, NULL, '7040135', '$2y$10$lE5l/3ZrdGTH79DDnAPkQOKmbIWr0IQm2JbJh8.NLAkgiOeZKiPT.', 'operator', 'active', NULL, NULL, '2023-11-02 09:56:29', '2023-11-02 09:56:29'),
	(626, NULL, '7040136', '$2y$10$7/TZxJif93vWnnjOH8heZ.6P2mE5XMJjGklqNLkSTln.BfYTP3bG2', 'operator', 'active', NULL, NULL, '2023-11-02 09:56:31', '2023-11-02 09:56:31'),
	(627, NULL, '7040137', '$2y$10$qZIUAE9tVIr1SHur35Ql4.IhyW07iqAhkBuybajxlz4NdMZNQkZ1C', 'operator', 'active', NULL, NULL, '2023-11-02 09:56:32', '2023-11-02 09:56:32'),
	(628, NULL, '7040138', '$2y$10$gZvvfzBc0fg92OOc6we4V.5wkUdOIhRuKc02VpUlk5aBDauhh9Fni', 'operator', 'active', NULL, NULL, '2023-11-02 09:56:34', '2023-11-02 09:56:34'),
	(629, NULL, '7040139', '$2y$10$lQMo7HCcd353buTrxrGD4e0MdD0fjvRU7mFwVDf5uHjCowRogchUa', 'operator', 'active', NULL, NULL, '2023-11-02 09:56:36', '2023-11-02 09:56:36'),
	(630, NULL, '7040140', '$2y$10$XZruexGGc4FsHAFfG/f0CudJsl6am1ZgJZ3zlKaH/76fi0QXIPrrS', 'operator', 'active', NULL, NULL, '2023-11-02 09:56:37', '2023-11-02 09:56:37'),
	(631, NULL, '7040141', '$2y$10$uh2o.vYfVSclUqLO6M95z.6gksU1W/ORFGc4rgSaHViW8J52MR3kG', 'operator', 'active', NULL, NULL, '2023-11-02 09:56:38', '2023-11-02 09:56:38'),
	(632, NULL, '7040142', '$2y$10$IYFcwL6hVBW2o2qGWMu1/OauuB/rRMadtLZutSnXYf3.8OMflHM2q', 'operator', 'active', NULL, NULL, '2023-11-02 09:56:40', '2023-11-02 09:56:40'),
	(633, NULL, '7040143', '$2y$10$9UGRBjOtkN3vxW0HW4vuZuAEHJiaidQjRe8q40uP9RjSJ5Ce8NMeG', 'operator', 'active', NULL, NULL, '2023-11-02 09:56:41', '2023-11-02 09:56:41'),
	(634, NULL, '7040144', '$2y$10$StveVLA5wiOBAdDVRd25geAmwZP0ENr8iVuguuBzFqzY2y7fbWoeG', 'operator', 'active', NULL, NULL, '2023-11-02 09:56:43', '2023-11-02 09:56:43'),
	(635, NULL, '7040145', '$2y$10$//e46.hMnlI2hvgQ2OqPIOZghzjl1ugVGIYT96S0cmddhf.QSK9Nq', 'operator', 'active', NULL, NULL, '2023-11-02 09:56:44', '2023-11-02 09:56:44'),
	(636, NULL, '7040146', '$2y$10$e8GDcadQyBgFOMXccw/uQe6ZSGSeHWLJP7b1IKW5yI5HDfFM475My', 'operator', 'active', NULL, NULL, '2023-11-02 09:56:45', '2023-11-02 09:56:45'),
	(637, NULL, '7040147', '$2y$10$w/3H0JVd0QxpmhEA4qOisuCmuTEXXjH3dpLmrXCDNOn2lzw.uxM9i', 'operator', 'active', NULL, NULL, '2023-11-02 09:56:46', '2023-11-02 09:56:46'),
	(638, NULL, '7040148', '$2y$10$mdvFT/wueswxKal5lRK2DOwr1bgbUkobaAXObxfm2cCrZ1koCY23O', 'operator', 'active', NULL, NULL, '2023-11-02 09:56:48', '2023-11-02 09:56:48'),
	(639, NULL, '7040149', '$2y$10$W/Ru20I6XOtN1JTnPToxVuYxKuB7rMflwyy6GbMalvw.YUkPQYj1C', 'operator', 'active', NULL, NULL, '2023-11-02 09:56:50', '2023-11-02 09:56:50'),
	(640, NULL, '7040150', '$2y$10$r5Rb438QrjCkmalzQiy3t.3yVz8kgdotXzcrSyNtB7tMbSbt.QTXW', 'operator', 'active', NULL, NULL, '2023-11-02 09:56:51', '2023-11-02 09:56:51'),
	(641, NULL, '7050151', '$2y$10$8oUNiCzFqx2JWR9uy671o.fO/yv2WXm.zwSxFpBLatj5ndzgrMBay', 'operator', 'active', NULL, NULL, '2023-11-02 09:56:53', '2023-11-02 09:56:53'),
	(642, NULL, '7050152', '$2y$10$VlgAB2PUU0eCL5wQdg6AquXqJsqigmYoXjy6xicPdeMAAxlhxqaxu', 'operator', 'active', NULL, NULL, '2023-11-02 09:56:54', '2023-11-02 09:56:54'),
	(643, NULL, '7030153', '$2y$10$rJwiC7cXCOUYZuSh8P0rBO9AV2c/bEccLE8KyFII7HEPhaF5BiIDe', 'operator', 'active', NULL, NULL, '2023-11-02 10:00:18', '2023-11-02 10:00:18'),
	(644, NULL, '7020154', '$2y$10$Ta4sEqpxNaZaEGVsWPoKW.ev76SfV9e7UCrmnZTHEh0Zl7osxkQG2', 'operator', 'active', NULL, NULL, '2023-11-02 10:00:19', '2023-11-02 10:00:19'),
	(645, NULL, '7010155', '$2y$10$ZspKAiDdajjRg6fowRbxOuLroDpWzlc8aRhJAsXt5MwHuYl.J1b2u', 'operator', 'active', NULL, NULL, '2023-11-02 10:00:21', '2023-11-02 10:00:21'),
	(646, NULL, '7020156', '$2y$10$.WpEiqiJgUTuv1VzhNYBDOfBmT1tbFf4..R0GmCvL66sMZt.RF92a', 'operator', 'active', NULL, NULL, '2023-11-02 10:00:22', '2023-11-02 10:00:22'),
	(647, NULL, '7010157', '$2y$10$ASvTJR/.u6t8e.azdQYS8OZSBiyUh0S/WrMaYmMoCgwFqGwihYFbq', 'operator', 'active', NULL, NULL, '2023-11-02 10:00:23', '2023-11-02 10:00:23'),
	(648, NULL, '7040158', '$2y$10$uZ1iMUse6fc.38nfgn1azeDX4OP7/35eVeKgHH9/doCXxEgKXVNYO', 'operator', 'active', NULL, NULL, '2023-11-02 10:00:25', '2023-11-02 10:00:25'),
	(649, NULL, '7040159', '$2y$10$yQsxx6OzgZaJVrx3v/2HiuchXnPm4R1pFWBuEkJ3GlGE./JNb3XYi', 'operator', 'active', NULL, NULL, '2023-11-02 10:00:26', '2023-11-02 10:00:26'),
	(650, NULL, '7010160', '$2y$10$UZCLDMm0fht31sNkV8Ojt.zXscv3TQVlGGXV12O8THY0L0Y0sZkLy', 'operator', 'active', NULL, NULL, '2023-11-02 10:00:29', '2023-11-02 10:00:29'),
	(651, NULL, '7040161', '$2y$10$n2SKd06847Bt0i8pst94XulPX5abR46.wK5VvwwLpl/sCUBhkd1Lu', 'operator', 'active', NULL, NULL, '2023-11-02 10:00:31', '2023-11-02 10:00:31'),
	(652, NULL, '7020162', '$2y$10$aomfFuWC6g9a.Syctc7I1OhoB56EoKlBh.m5JPAKfVXFQgLjYBixq', 'operator', 'active', NULL, NULL, '2023-11-02 10:00:33', '2023-11-02 10:00:33'),
	(653, NULL, '7030163', '$2y$10$Qr8QPhckk7fsfHHo1hmrMuqTWOcwSDKRxbQFq9ulbv0mL7mJh3aBG', 'operator', 'active', NULL, NULL, '2023-11-02 10:00:34', '2023-11-02 10:00:34'),
	(654, NULL, '7040164', '$2y$10$VFPBY5eWDkOyYMS1UvFXEepnbKfdFF6pW59J1UgGWQWt1.WcxQM0G', 'operator', 'active', NULL, NULL, '2023-11-02 10:00:36', '2023-11-02 10:00:36'),
	(655, NULL, '7040165', '$2y$10$0rleiFeL.Uwr/CDxsI4kwegXJuAEcFaAPhSE2OKsXv1PUvv3uLwMq', 'operator', 'active', NULL, NULL, '2023-11-02 10:00:37', '2023-11-02 10:00:37'),
	(656, NULL, '7030166', '$2y$10$ydyjMMqFQdcN3lrn87U2SuxltBBFAngTH/CmU5pLqJVIOOK3RYi0i', 'operator', 'active', NULL, NULL, '2023-11-02 10:00:38', '2023-11-02 10:00:38'),
	(657, NULL, '7020167', '$2y$10$3A805Ro5vfBQAWO/HGCxoeA69XZ3oHldOay17MIiT/yf6OV.8nyZ2', 'operator', 'active', NULL, NULL, '2023-11-02 10:00:39', '2023-11-02 10:00:39'),
	(658, NULL, '7040168', '$2y$10$EU6Czog7HfX2SaJTnJcWgey0foizd9JTf3VnKIgcScW.BbmGga.T2', 'operator', 'active', NULL, NULL, '2023-11-02 10:00:40', '2023-11-02 10:00:40'),
	(659, NULL, '7040169', '$2y$10$rllhp8EJOTNBlgtiCzw8FuxaS1joK58WwxZpeOK3W0g8gTdtlIhFi', 'operator', 'active', NULL, NULL, '2023-11-02 10:00:42', '2023-11-02 10:00:42'),
	(660, NULL, '7030170', '$2y$10$igOfAYOhSKgkIyhxIIgiGe42i6QroUBXj29gUjLmmUG6Lnro7EN4W', 'operator', 'active', NULL, NULL, '2023-11-02 10:00:43', '2023-11-02 10:00:43'),
	(661, NULL, '7020171', '$2y$10$YwAxnNC6GIlpYm7qfxKot.JuyN5x.G5qJAIsgOQVJD3ZKTRIyHNOe', 'operator', 'active', NULL, NULL, '2023-11-02 10:00:47', '2023-11-02 10:00:47'),
	(662, NULL, '7030172', '$2y$10$Rz7iok.iv6afIC3BsX8tz.0Zv3/Kw6NDzVrvZdbJgSgoyttQKWgEe', 'operator', 'active', NULL, NULL, '2023-11-02 10:00:49', '2023-11-02 10:00:49'),
	(663, NULL, '7040173', '$2y$10$CgbqRHOPdb5HvEKZbyuz0.cOUAagi9uCuiuwNnKQTrhjhHk81ZAaC', 'operator', 'active', NULL, NULL, '2023-11-02 10:05:38', '2023-11-02 10:05:38'),
	(664, NULL, '13040174', '$2y$10$VPBBLPDhAM8qkLGhYairFOD4FDWfaapHJyojnkdd1ImHchBk6qyGS', 'operator', 'active', NULL, NULL, '2023-11-03 03:15:54', '2023-11-03 03:15:54'),
	(671, NULL, '1010175', '$2y$10$1kq6LzZC645uiXDaCMlmh.wQ0Dc68DEdEetDHmODZZVoiuuuMlkHS', 'operator', 'active', NULL, NULL, '2024-09-09 02:34:57', '2024-09-09 02:34:57');

-- Dumping structure for table testing_lpmaarif.virtual_npsn
CREATE TABLE IF NOT EXISTS `virtual_npsn` (
  `id_npsn` bigint unsigned NOT NULL AUTO_INCREMENT,
  `id_jenjang` bigint unsigned NOT NULL,
  `id_prov` bigint unsigned NOT NULL,
  `id_kab` bigint unsigned NOT NULL,
  `nomor_virtual` varchar(20) CHARACTER SET utf8mb4 COLLATE utf8mb4_unicode_ci DEFAULT NULL,
  `nama_sekolah` varchar(50) CHARACTER SET utf8mb4 COLLATE utf8mb4_unicode_ci NOT NULL,
  `alamat` varchar(255) CHARACTER SET utf8mb4 COLLATE utf8mb4_unicode_ci NOT NULL,
  `email` varchar(100) CHARACTER SET utf8mb4 COLLATE utf8mb4_unicode_ci NOT NULL,
  `nik_kepsek` varchar(20) COLLATE utf8mb4_unicode_ci DEFAULT NULL,
  `accepted_date` datetime DEFAULT NULL,
  `actived_date` datetime DEFAULT NULL,
  `created_at` timestamp NULL DEFAULT NULL,
  `updated_at` timestamp NULL DEFAULT NULL,
  PRIMARY KEY (`id_npsn`),
  UNIQUE KEY `nik_kepsek` (`nik_kepsek`),
  KEY `virtual_npsn_id_jenjang_foreign` (`id_jenjang`),
  KEY `virtual_npsn_id_prov_foreign` (`id_prov`),
  KEY `virtual_npsn_id_kab_foreign` (`id_kab`),
  CONSTRAINT `virtual_npsn_id_jenjang_foreign` FOREIGN KEY (`id_jenjang`) REFERENCES `jenjang_pendidikan` (`id_jenjang`) ON DELETE CASCADE ON UPDATE CASCADE,
  CONSTRAINT `virtual_npsn_id_kab_foreign` FOREIGN KEY (`id_kab`) REFERENCES `kabupaten` (`id_kab`) ON DELETE CASCADE ON UPDATE CASCADE,
  CONSTRAINT `virtual_npsn_id_prov_foreign` FOREIGN KEY (`id_prov`) REFERENCES `provinsi` (`id_prov`) ON DELETE CASCADE ON UPDATE CASCADE
) ENGINE=InnoDB AUTO_INCREMENT=8 DEFAULT CHARSET=utf8mb4 COLLATE=utf8mb4_unicode_ci;

-- Dumping data for table testing_lpmaarif.virtual_npsn: ~4 rows (approximately)
DELETE FROM `virtual_npsn`;
INSERT INTO `virtual_npsn` (`id_npsn`, `id_jenjang`, `id_prov`, `id_kab`, `nomor_virtual`, `nama_sekolah`, `alamat`, `email`, `nik_kepsek`, `accepted_date`, `actived_date`, `created_at`, `updated_at`) VALUES
	(1, 8, 19, 250, '00000004', 'SMP MA\'ARIF 1', 'Jl. Bison', 'maarifnukometro@gmail.com', NULL, '2024-09-10 20:03:09', NULL, '2023-11-01 06:16:04', '2023-11-01 06:16:04'),
	(2, 1, 19, 250, NULL, 'TPA MA\'ARIF NU', 'jl. bison rt 11 wa 2 purwosari metro utara', 'infokom@iaimnumetrolampung.ac.id', NULL, NULL, NULL, '2023-11-01 09:29:26', '2023-11-01 09:29:26'),
	(4, 9, 7, 108, NULL, 'MTs Ma\'arif Dlingo', 'Koripan 1 Dlingo Dlingo Bantul 55783', 'mtsmaarifdlingo@gmail.com', NULL, NULL, NULL, '2023-11-03 01:56:13', '2023-11-03 01:56:13'),
	(6, 1, 1, 1, '00000001', 'sekolah saya', 'coba', 'faisolkaztelo6@gmail.com', '1231231231245678', '2024-09-08 09:24:47', '2024-09-09 09:34:57', '2024-08-23 08:58:50', '2024-09-09 02:34:57');

/*!40103 SET TIME_ZONE=IFNULL(@OLD_TIME_ZONE, 'system') */;
/*!40101 SET SQL_MODE=IFNULL(@OLD_SQL_MODE, '') */;
/*!40014 SET FOREIGN_KEY_CHECKS=IFNULL(@OLD_FOREIGN_KEY_CHECKS, 1) */;
/*!40101 SET CHARACTER_SET_CLIENT=@OLD_CHARACTER_SET_CLIENT */;
/*!40111 SET SQL_NOTES=IFNULL(@OLD_SQL_NOTES, 1) */;
